1,Hinder のリード シンガーは、トイレで便秘しているときにしか録音しないというのは本当ですか?彼の声はそう聞こえる。彼の「Lips of an Angel」の歌い方は、顔を殴りたくなる！このグループの話を聞くよりも、陰毛から乾いた精液を取り出したいと思います。コーラスが聞こえる前に、私は真剣につまずきそうになり、仕事中にラジオに行って駅を変えようとして転びました!
5,この音楽はとても素晴らしい。とてもエネルギッシュで楽しいです。子供たちは、これが「ジャズ」アルバムであることをあまり気にしません。彼らが知っているのは、音楽が大好きで、幸せな気分にさせてくれるということです。 「子供向け」音楽として売られているもので、お金を無駄にしたり、子供の知性や耳を侮辱したりしないでください。両方が楽しめるものを入手してください。私たちのお気に入りは「Doodle」の歌と「ポテトチップス」です。すべてのペニー、そしていくつかの価値がある
5,これは私が聞いた中で最高の子供用 CD の 1 つです。どの曲もキャッチーで聴いていて楽しいです。ジャズへの素晴らしいイントロダクションです
5,これは、ゼイ マイト ビー ジャイアンツの最初のメジャー レーベル アルバムでした。それは、彼らがインディペンデント レーベルのアルバムで確立したサウンドを継続し、さらに拡大しました。おそらくTMBGで最も人気のあるアルバムです。 「Birdhouse in Your Soul」、「Istanbul」、「Particle Man」など、多くのクラシック TMBG の曲をフィーチャーしています。ジョンズに期待されるキャッチーなメロディーとばかげた歌詞がぎっしり詰まっています。すべてのゼイ・マイト・ビー・ジャイアンツのファンのマストアイテム
5,私たちの22ヶ月。老人は、ママとパパが聞くのにほとんど耐えられない子供向けの曲よりも、この音楽をはるかに愛しています。
5,"Hot Hot Heat の Make up the Breakdown は、Knock Knock Knock の続編です。個人的には、Hot Hot Heat の大ファンなら、これは最もお気に入りのアルバムの 1 つです。どの曲も個性的で、思わず踊りたくなるようなキャッチーなビートが魅力です。 1曲目のNaked in the City Againは素晴らしい。 2曲目のNo, Not Nowは思わず動き出してしまう人気曲。 Get in または Get out には、最も優れたキーボード操作パートがいくつかあります。アルバム最大のヒット曲の 1 つである Bandages は、Hot Hot Heat のキャリアを後押ししたようなものであり、この 1 曲だけでもアルバムを購入する価値があります。 Oh Goddamnit はとても素晴らしい曲で、とても楽しい歌詞が付いているので、一緒に歌わなければなりません。次の曲アヴェダは、私たちの多くを疑問に思っています:元ガールフレンドかヘア製品?いずれにせよ、あなたはまだこの曲を楽しんでいると思います.この町は、一部の熱狂的なファンについて書かれたと多くの人が信じています。 Talk to Me, Dance with Me も大ヒットで、ファンは Hot Hot Heat に夢中になりました。この曲は私を踊らせ、歌わせ、あなたの好きな曲にできるあらゆることをさせます。 Save us SOS では、リード シンガーであるスティーブ ベイズの声の深みが気に入り、心がとろけます。 Hot Hot Heat の通常の曲とは大きく異なりますが、In Cairo も素晴らしい曲で、Make up the Breakdown に素晴らしいエンディングを追加します。この CD は何時間もあなたのステレオに残ります。曲は中毒性があるので、このアルバムは間違いなくお金に見合う価値があります。"
5,素晴らしいハーモニー、素晴らしい声、美しい音楽。このグループはもっと知名度が高く、大きな成功を収めるに値する
1,Antony and the Johnsons について初めて聞いたのは、友人から Rufus Wainwright について教えてもらったときでした。私は地元のBarnes & NobleでこのAntonyについて調査することに決めました.音楽は器用によく書かれており、レイヤーもかなり上手に作られていると思いますが、アントニーの声は非常にやり過ぎで偽物です。偽物とは、彼のビブラートの使用を意味します。これは非常に迅速で、強制的で羊のように (自然ではない) 使用されます。プロのボイス インストラクターは、ビブラートの正しい使用方法は適切な速度 (1 秒間に 5 ～ 6 回の振動) であると教えています。アントニーの「訓練された」響きの声が、この領域ではまったく訓練されていないことは明らかです。このバンドとレコードについて私が非常にひどいと思うもう一つのことは、曲の歌詞です。アーティストは、これらの嘆きの悲しみと痛みを伴う配信を使用して、自分の性別について混乱または後悔しているように見えます。歌詞は、リスニングとの魅力や関係を持たないため、リスナーは音楽自体に対して哀れでほとんど迷惑な見方をします.私の結論は、これはひどいレコードであり、歌手はプロのボイスレッスンを追求する必要があるということです...そして助けてください
5,St. Elsewhere は、クラブ ビートのエネルギーと、Cee-Low のソウルフルな (そして時に物欲しそうな) 声と示唆に富む歌詞を組み合わせています。熱狂的な「Go-Go Gospel」から内省的な「Just a Thought」まで、さまざまなスタイルを楽しんでいます。必需品
2,音楽は、タイトル自体が「クラシック」とほぼ同じように説明および定義できます。私は音楽が非常にクラブ素材になるだろうと思っていました.何年にもわたってクラブで演奏されてきた曲の歴史があります.. CDの大部分は、特にいくつかのタイプOを投入したゴシック「クラブ」素材として見ることはできません. ..私は多くのクラブを経験してきましたが、ダンスフロアでその曲をヒットする方法を見つけることができません..そうでない場合、私は間違った場所にいたと思います..彼らはアイデアを使い果たし、いくつかを投入したようです.誰もが聞いている主流なので、CD全体で非常にがっかりしました。あちこちでいくつかの曲を聴きました。もしあなたが古いものに興味があるなら、これはあなたのためのものです..私はあなたが過去に爆破したいのでなければ、このCDをどのコレクションにもお勧めしません.
4,Gothic ClubのミックスCDを家に忘れてきたので、これを買うことにしました。最初に夢中になったのは、古典的なゴス音楽であるバウハウスによる「Bela Lugosi's Dead」のライブ録音でした。好きなバンドも嫌いなバンドもありましたが、総じて素晴らしいCDです。私のお気に入りは2枚目のCDの「シェリル」です。これは、まったり、踊ったり、教育を受けていない大衆にゴス音楽が実際に何であるかを示すのに最適な CD です。
2,"Tony Yayo の ""Thoughts of a Predicate Felon"" は、Tony Yayo がこのアルバムで自分が誰であるか (または彼が誰であるべきか) を単に知らないという事実に苦しんでいます。このアルバムを聴く前は、ヤヨの犯罪生活についてザラザラした説明的な韻を踏むことを期待していました。しかし残念ながら、私は多くの皆さんと同じように、「Tattle Teller」、「Curious」、「Project Princess」などのトラックに耳を傾けていました。元受刑者の場合、それは、もっと何かを期待している聴衆に伝えたいタイプのメッセージではありません...ハードコア;もっと良い何か。 「Live By The Gun」や「Homicide」などのトラックで、ヤヨは前述の「よりハードな」歌詞への欲求を実現しますが、これらのようなトラックはほとんどありません。トニー・ヤヨが次のアルバムでこれを行うことに集中できることを願っていますが、今のところ、このデビューアルバムは単にがっかりしています"
1,このアルバムは退屈だと思います。私はそれがその仕事をしていないと思います。リル・ジョンは志望者だと思います。彼らは本当の仕事を得る必要があると思います。届いてすぐ壊れたと思います。ほとんどのCDプレーヤーでは再生できないと思います。表紙がダサいと思う。私はそれが私にYEAHを叫ぶアイデアを与えたと思う.そして何！私の兄弟の目覚めで。アートはバカだと思う。これはお勧めしないと思います。私は十分に言ったと思います。私は今地獄に行くと思います。とにかくそうだったと思う 魂を売ったと思うから
4,65歳にしてチャート1位を獲得したレジェンドの傑作アルバム。ディランは並外れた才能を持っており、年齢とともにさらに良くなっているようです。すべての曲は並外れたものであり、彼の素晴らしい才能と作詞作曲能力を示しています
5,この曲を初めて聴いたのは昨年の夏、家のペンキ塗りをしている時でした。新鮮な空気と太陽（そして最近結婚した）の中で、この歌はすぐに私の注意を引き、聞くたびにますます魅力的になっているように見えました.やや「ロック」な曲だと思いますが（サビの間）、曲の切望と情熱的な愛の要素を伝えるのはアレックス・バンドのボーカルです。彼はそれを別のまともなロックソングにするのではなく、ロマンチックでユニークに保つことに成功しています.チャドのバージョンもアルバムから聞いたことがあります。チャドのヴォーカルはアレックスのものとは *それほど* 違いはありませんが (どちらも非常に男性的で力強いものになっています)、チャドのバージョンは「良い」曲であり、アレックスの歌声は「素晴らしい」曲だと思います。 Chad の声は他の曲では素晴らしいのですが、このタイプの曲では過度に横暴で怒りっぽい声です。女性の視点から見ると、チャドの方法は私を怖がらせますが、アレックスの方法は私を「一緒に」するよう説得することができます!時々、1人のボーカリストが歌を歌い、それを成功させるか壊すかのどちらかを「意図」しています. 1999 年の「Smooth」を思い出してください。Rob Thomas の配信により、この曲はヒット曲になりました。この場合、アレックスはその仕事に最適な人物です。
5,Arlo Guthrie、Taj Mahal、Tim O'Brien などのフォーク シーンの重鎮に、ブルーグラッサーの Tim O'Brien と Rhonda Vincent、ブルース ピッカーの Keb Mo、Guy Davis、Eric Bibb、そしてアメリカーナ カントリーが加わった素晴らしい子供向け音楽のセットロージー・フローレスなどのタイプ... 印象的なラインナップは確かですが、それ以上に優れているのは、ソングライティングの能力と、実際の子供への親しみやすさです。本当に楽しいアルバムです！楽しい、というように、小さな子供たちは実際にそれを気に入るかもしれません。 「Bling-Blang」、「Bananaphone」、「Bellybutton Song」などのばかげた歌がたくさんあります。 「Red、Red Robin」のように、いくつかの曲ははつらつとしています。 「Man Named All The Animals」のような教訓的なものもあれば、Taj Mahal の優れた「Don't You Push Me Down」のように、さまざまな子供たちが不愉快な状況で自分自身のために固執するなど、依然として自己主張とコミュニケーション スキルをモデル化するものもあります。私はこのアルバムがとても好きで、今後何年も子供のために演奏する予定です
5,"あなたはこれで素晴らしいです ダニエル, 私はあなたをとても愛し、恋しく思います. 1982年だったら、まだアーチー・バンカーズ・プレイスにいたらいいのに。かわいそうに、これからは私があなたの主なレビュアーになります。なぜその素晴らしい声と演技の才能をニューヨークに隠しているのですか。カリフォルニア州モロベイにある Mirror Vision Inc. Records であなたを働かせたいと思っています。もうすぐコンサートでお会いする予定です。良い秋をお過ごしください。私はあなたのことをよく考え、いつもあなたの明るい星について他の人に話します。もっとあなたのことを考えられたらいいのにと思います。あなたは私に会ったことがありません。私のためにあなたのお父さんとお母さんに、カリフォルニア州モロベイからあなたがいなくて寂しいです。"
5,1975年、ジョー・ジャクソンはモータウン・レコードが彼の子供たちのキャリアをコントロールすることにうんざりしていた.そこで彼はそれらを Epic Records に移しました。新たに洗礼を受けた「ジャクソンズ」は、CBS レコードだけでなく、自分たちのレコードを制作、執筆、演奏できることを世界に証明しなければなりませんでした。程度は低いが、モータウンのベリー・ゴーディ、彼らの指揮はエピックからフィリデルフィア・ファンクマイスターのケネス・ギャンブルとレオン・ハフに引き継がれた。 Teddy Pendergrass、MFSB、Harold Melvin、The Blue Notes、McFadden と Whitehead など、彼らは途方もない成功を収めました。彼らはジャクソンズのオリジナル曲をスタジオに持ち込み、フィリー・マジックを行い、これまでにワックスでカットされた最高のソウル・レコードの1つを生み出しました.最初から最後まで、「The Jacksons」は、「Enjoy Yourself」から始まり、Punkadelic「Style Of Life」で最高潮に達する、Punkified Phunk Phest のトップから次へとあなたを連れて行きます。私が子供の頃、このレコードを聞いて、もともと「グッド・タイムズ」はあのテレビ番組のテーマをジャクソンがリメイクしたものだと思っていた。しかし、それは純粋なスローファンクでした。 Phunk-da-fied-、Phunkalicious、または単なるファンタスティック、ジャクソンの壮大なデビューはファットです
5,私は 68 歳で、長年のスチュワートのファンです。これは彼のベストの 1 つです。他のレビュアーの問題点がわからない
5,"イアン・カーティスが自分の人生のプラグを抜いていなかったらどうなっていたでしょうか?私はJoy Divisionの熱心なファンですが、New Orderの大ファンでもあるので、質問するのは難しいです.ジョイ・ディヴィジョンはあと1、2枚のアルバムをレコーディングして解散したかもしれないと言わざるを得ない。したがって、カーティスが自殺したことは悲劇的ですが、ジョイ・ディビジョンの残りの部分がニュー・オーダーとして効果的に再発明するための道を与えました.バンドはJDとは非常に異なっているが、ニュー・オーダーの最初の「Power, Corruption Lies」では、痛みとカタルシスの期間の結果であったに違いない、新しい創造性の爆発を伴うJDのヒントを聞く.このアルバムの音楽は、後のニュー オーダーの作品ほどではないかもしれませんが、JD のどの素材よりもシンセとドラムに重きを置いています。 1983年にはシンセサイザーやドラムマシンが台頭し始め、今年はシンセサイザー用のMIDIインターフェースなどが発明され、ニューウェーブのムーブメントがようやく固まり始めた時期でもありました。歴史はさておき、このアルバムは素晴らしいです。アップビートで、ポピーなダンス トラックと真のニュー ウェーブ クラシックが満載です。 「Blue Monday」（Orgyのようなひどいバンドでさえもヒットするほど素晴らしいトラック）のためだけにアルバムを購入しているのなら、あなたは本当に驚きます.他の多くのトラックも同様に素晴らしいことがわかります。 ""Age of Consent"" は私の他のお気に入りの 1 つです。これは、ダンスに最適なもう 1 つのトラックです。また、「the Village」も素晴らしいトラックです。 New Order のアルバムを 2 枚購入する場合は、この 1 枚と Substance を入手してください。彼らはいくつかのトラックを共有していますが、両方とも素晴らしいです.でも、このアルバムはもっとプレイされていると思います。ニュー・オーダー・ファンはもちろんマスト・アイテムです。しかし、ニューウェーブ/80年代音楽のファンやジョイ・ディヴィジョンのファンもこれを買うべきだ.このアルバムは非常に高い評価を受けており、その 20 年間の寿命の中で非常に影響力があったため、現代の音楽ファンにとっては必携のはずです。強くお勧めします！ -- テッド・ムレナ"
5,この CD は家族全員に最適です。曲はキャッチーで、見知らぬ人の周りで歌っていても大したことはありません!
2,このCDを手に入れるのが本当に待ちきれませんでした。私はそれをとても好きになりたかった。しかし、私にはブルーグラッシーが強すぎます。すべての曲。 1、2 曲あればいいのですが、どの曲も古くなります。さらに、録音品質はそれほど良くないようです。言葉はほとんど聞こえず、ほとんどの子供たちは一緒に歌いたがります。 Jenny Jenkins は楽しい曲で、Shenendoah は忘れられないほど美しい曲ですが、For the Kids と NO!はるかに優れたCDです
5,今でもアルバムを楽しんでいます。どの曲もいいのですが、Hold On、You don't need to心配、Don't Go など、他の曲よりも数曲よく聞きます。これは素晴らしいアルバムですが、すぐに販売または取引する予定はありません。
5,Crusaders はこのディスクで素晴らしいサウンドを奏でます。音楽とアレンジメントは最後まで非常にうまく機能します。グルーブと滑らかさにより、このレコーディングは非常に完全なものになります。このグループは長い間バッドでした
5,エドウィン・マケインの名前が付いている場合は、購入するのに最適な製品であると信じてください.彼が書いた曲は、心のこもったものであり、それらを書くために使用されたインクのすべての滴に忠実です..
1,素晴らしい「The Duel」に続く Allison Moorer の最新リリース「Getting Somewhere」は、非常に大きな失望です。 「Getting Somewhere」の素材は単純に、弱くて根性がない。まれに、Moorer が「The Duel」の美しさと感触をエミュレートしようとする場合があります。たとえば、ハレルヤや元日などです。アールは、だまされたと感じるほどのアマチュア的で平凡で薄い作品で素材から心を引き裂きます。ビジネスと娯楽が混在することはめったにないため、Moorer 氏はこのリリースをじっくりと見て、次回 RS Field を再インストールすることを真剣に検討する必要があります。ムーラーが燃えるようなギターのグルーヴ、ドライブするドラム、魅惑的なボーカルを求めているなら、アールはその仕事に向いていません。 Moorer は、あらゆるジャンルで最高の女性の声を持つ素晴らしい才能です (彼女は意地悪な歌も書くことができます!)。この CD は彼女の能力をまったく表していないので、すぐに特売品の箱に入れるべきです。
1,ここにあるこのアルバムのレビューのほとんどは、他の誰も知らない新しい素晴らしいジャンルとサウンドを発見したと考えているため、特別だと感じている人々によって書かれているように感じます。子供たちにそれを壊すのは嫌いですが、この音は90年代半ばから出回っています.それはニュートラル ミルク ホテルと呼ばれ、デカブリストと呼ばれる詐欺師たちよりもはるかに優れていました。私に反対する前に、Neutral Milk hotel の In the Airplane over the Sea (1997) を手に取ってから、反対してみてください。
5,"Carbon Leaf のサウンドは進化し続けており、その結果は際立っています。バンドは、自分たちの音楽スタイルを「定義」しようとするのをあきらめたと言います。なぜなら、それは非常に多くの影響と独創的なアイデアの変化するブレンドだからです.過去に、Carbon Leaf は、ケルト、ブルーグラス、オルタナティヴ ポップの華麗さを取り入れた、根っからのフォークロックのバリエーションを演奏してきました。この新しいアルバムは、クリーンでありながら印象的でストレートなポップ ロック サウンドに重点を置いています。このように焦点を当てていても、バラエティーに富んでいます。たとえば、「Block of Wood」では華やかなカントリー ロックの軽快さがあり、「International Airport」ではジャズと戯れます。全体として、これはバンドのブレイクアウト アルバムに値する洗練された逸品です。曲は、魅力的なもの (「Bright Lights」、「Love Loss Hope Repeat」) からアンセミック (「Learn to Fly」、「Comfort」)、胸が張り裂けるようなもの (「Block of Wood」)、ユーモラス (「A Girl and Her Horse」) までさまざまです。 ）から深遠な（「The War Was in Color」）。人を惹きつけるメロディー、息をのむようなハーモニー、示唆に富む、しばしばほろ苦い歌詞、美しい楽器、素朴で精巧に作られた作品を楽しむなら、このアルバムを気に入るはずです。アコースティック リズム ギターがふんだんに使われ、繊細なエレクトリック ギターのリフとフィル (テリー クラークとカーター グラヴァット) できちんと装飾され、キラーなリズム セクション (ベースのジョーダン メダスとドラムのスコット ミルステッド) とマンドリンのタッチ (再びグラヴァット) によって支えられています。 .このアルバムには、ゲスト ミュージシャンのティム ラウアーの好意により、Carbon Leaf の以前のリリースのいくつかよりもキーボード ワークが少し増えています。その上にそびえ立つのは、バンドのすべての歌詞を書いているリード シンガー、バリー プリヴェットのクリアで共鳴する、時には催眠術にかかったような声です。 Guster の ""Ganging Up on the Sun"" と並んで、これまでのところ 2006 年の私のお気に入りのリリースです。 Carbon Leaf の新規ファンも長年のファンも、「Love, Loss, Hope, Repeat."
4,正当なヒットが 1 つしかないグループのベスト ヒット パッケージについて私が気に入っていることの 1 つは、飽きることがないことです。 Timbuk 3 のグレイテスト ヒッツ パッケージは、彼らの音楽を楽しむのに最適な場所です。ラジオで何百万回も聞いた曲を聞いても飽きることはありません。バンドに関する詳細情報が必要な場合は、少なくとも 1 つの優れた Web サイトがあるため、Web を検索してください。この CD とライブの CD を購入した後は、使用済みのビンを検索する必要があります。Eden Alley のアルバムを強くお勧めします。
5,"このサウンドトラックは素晴らしいです。 CDを聴いてスキップする曲は1曲もありません。おなじみのアーティストとなじみのないアーティストが歌う最近の曲と古い曲のミックスは素晴らしいです。 Anita Nalick, Breathe (午前 2 時) は、アルバムの価格に見合う価値があります。"
5,長い間アルバムを買っていません。しかし、私はこれを所有しなければなりません。ファインスタインの声はとても純粋で多彩です。彼はある時は面白く、次の瞬間はとても悲痛なほどほろ苦いことがあります。彼のパフォーマンスは一級品であり、ライブコンサートでこれだけ上手に歌えることを考慮しなければなりません。
4,クリスマス CD は 100 枚くらい持っていますが (これは趣味です)、「不適切な歌詞」の警告があるのはこれだけだと思います。これは、「sh * t」という言葉のかなり顕著な使用を特徴とする1曲「Here Comes Fatty Claus」のためだけです.私にはかなり幼い子供がいて、その歌なしで CD のコピーを焼きました。彼女はそれを愛しています！ CDに関しては・・・かなりいいです。 Waters は最高のクリスマス ソングを集めることに成功しました。でもただのノベルティCDじゃなくて…歌がうまい。これは意図的なキャンプではありません... Tiny Timeの歌を除いて、MAYBEで誠実なものです. (よくできているので、娘のお気に入りの 1 つです。
1,Fiddy Cent だけでは骨が折れるほどではなかったかのように、Kayne West のこの恐ろしい傾向が現れます。本当に何もありません。私の仕事は、すべての 1 つ星のレビュアーによって行われました。私が言わなければならないのは、このラッパーが遅かれ早かれ宇宙から消えてなくなることを願っているということだけです.良いラップをしたいですか？ Tupac (RIP) または Public Enemy を選択
1,ほとんどの人は、これをチープ トリックの「カムバック」と考えていました。アルバム。事実から 16 年が経過した今、私はそれがむしろ「ゴーバック」と位置づけられていることを認めざるを得ません。代わりにアルバム。チープ トリックは 80 年代のリリースのほとんどで音楽の世界に火をつけることはありませんでしたが、それは信じられないほど標準以下のリリースで腐敗が始まるまで続きました。彼らのアルバムの 1 つについて何か良いことを言うために、私は積極的に検索しなければなりませんでした。 「ザ・ドクター」について検索しましたが、空っぽでした。 「ラップ・オブ・ラグジュアリー」それほど悪くはありませんが、その後のリリースの調子が悪くなります.私は何年にもわたって何十ものチープ・トリックのコンピレーションを作ってきました。私がLOLから除外した唯一の曲でした。 80 年代から 90 年代初頭にかけてリリースされるたびに私を常に苛立たせていたのは、これがトリックをロックのルーツに戻したアルバムであるというプレス リリースでした。さて、私に言わせてください、これはそれとはかけ離れています。知っている。私は覚えています
5,ダン・ザネス最高！夫と私は、20 か月の子供と同様に、これを聞くのを楽しんでいます。私たちが息子のために持っている他の音楽 CD のほとんどは、少し聞いただけで少しいらいらするように感じます。 Rocket Ship Beach は楽しい、家族向けの音楽です。これをすべての年齢層に強くお勧めします
1,おお！！！これは恐ろしいアルバムです。 Comin' From Where I'm From は本当に楽しかったので、ここから良いものを期待していました。間違い。タイトル トラックで、アンソニー ハミルトンは、社会的良心につながる可能性のあるいくつかのポジティブな歌詞を使用し、その後、祈りについて話し始めます。もちろん、神話志向のカルト信者は心配していません。彼らは、彼らがひざまずいてさえいれば、神話の魔法使いが空から現れてすべてを解決すると考えています。続く4曲はイエスの歌でいっぱいです。人々は、何らかの理由で攻撃的であると思われるアルバムに警告ラベルを付けたいと思っていますが、ある種のカルト警告が必要です。このCDがカルト的な混乱にあることを知っていたら、私はこのCDを購入しなかったでしょう. 『説教者の娘』では「説教者の娘だから常識があった」とまで言っている。それが冗談であるかどうかはわかりませんが、常識的に言えば、人々は雲の中に住んでいないという魔法のようなものです.それから「パス・ミー・オーバー」は、アイス・キューブのリーサル・インジェクションの2部構成のスキットを思い出させます。そこでは、猫がただそこに座ってイエスを待っていて、イエスが新しいものをくれると思っているので、アイス・キューブにすべてのものを与えます。しかし、アンソニー・ハミルトンは、ただじっと座って神話が現実になるのを待つことがポジティブなことのように聞こえるようにしようとしています.この種の行動が個人の問題や世界の問題に対する真の解決策であると人々が考えている場合、私は、私たちの将来について非常に心配しているか、おそらくそれが完全に欠如していると思います.それは非常に危険な精神状態です。 「Sista Big Bones」はいい曲だけど買う価値ない
4,Ab Fab の Bubble は、まさにマリリン モンロー、ビリー ホリデイ、ジュディ ガーランドなどと同じように聞こえます。なんて才能でしょう。彼女は自分のラスベガスショーが必要です。彼女は素晴らしいことを超えているでしょう！
5,彼らの前作と比較した意味で、このレコードについての肯定的および否定的なレビューは非常に多いようです。正直なところ、私はそれを3回聞く前に、バンドへの、および/またはバンドからの人事異動を知りませんでした.エヴァネッセンスは本物です。楽しみ！五つ星。
5,私は、ベックについて何も*知らなかった*人の一人です。確かに彼のヒット曲は知っていた - 「Loser」、「Where It's At」、「The New Pollution」など。その男のことをあまり考えたことはありませんでした。それまでは...約 3 か月前に Napster2Go からこのアルバムの 2 曲をダウンロードしたとき...「E Pro」と「Girl」でした。彼らに数回聞いた後、すぐにゲロのアルバム全体をダウンロードしました。ここで他の多くの人がまだ言っていないことを何と言えばいいのかわかりません.理由のために2005年のベストの1つに選ばれました.これは素晴らしいアルバムです。長時間のロードトリップ中にBetter Halfの曲を何曲かプレイしたところ、彼は次第にハマっていきました...「Earthquake Weather」から始まりました。今では、このアルバムだけでなく、私たち 2 人のベック カタログのほぼすべてです :) 私が始めた曲でさえ、私 (そして夫) に大きく成長しました。まさに素晴らしいアルバムです... ミュージシャンシップは見事で、ベックは確かに強いユーモアのセンスと健全な皮肉が混ざり合っています!傑出したトラック (少なくとも私たちの意見では) は E-Pro (アルバムの素晴らしいスタート) です。 Que Onda' Guero (「Hey! Guero!」のランダムな叫びとともに、ローライダーのホーンが大好きです);女の子（キャッチー...これは大ヒットするはずだった...）;アースクエイク・ウェザー（耳に残るメロディ、素晴らしいリフ！）、ヘル・イエス（ハイ！）、そして私は本当にRental Carが大好きです...かわいい小さな曲です-短すぎます...キャッチーなリフと詩も！このアルバムをチェックしてください。絶対に宝石
5,このアーティストは明らかに過去のカントリー ミュージシャンからインスピレーションを得ているため、「オルタナティブ カントリー」は確かに限定的な説明ですが、正確な基準点ではあります。私はたいていトゥワンジーよりもヘヴィなほうに傾倒しているが、これは非常によく書かれていてキャッチーで、議事録に独特のメランコリックな雲がかかっており、この女性は歌うことができる.その称号に値する最近の数少ないミュージシャンの一人
5,"David Rawlings がプロデュースした ""OCMS"" が私の音楽コレクションに大きな影響を与えた後、""Big Iron World"" の予約注文にはかなりの期待が寄せられました。昨夜メールで受け取ってから 3 回聴いたが、「ワゴン ホイール」のような即効性のあるトラックではないが、「ビッグ アイアン ワールド」は素晴らしく驚くべきパンチを繰り出す。彼は OCMS のライブ アクトを最大限に捉えることはできませんでしたが (そして誰が実際にできたのでしょうか)、Rawlings のプロダクションは再び OCMS の信頼性を維持し、彼らの「昔の」音楽を現代の領域に押し込みます。他のネオ・ブルーグラスのレコードで聞いた過剰生産された人工的なギミック。 「ビッグ・アイアン・ワールド」は、歴史にとらわれたり、過去の成果をかみ砕こうとするアルバムではありません。 「ビッグ アイアン ワールド」で、OCMS は再び独自のサウンドを表示し、ブルーグラス / カントリー / ロック / パンク / フォーク フォワードの限界を押し広げながら、その敬意を払いながら、ウディ ガスリーの寓話、ミュールスキナーのピッキング、そしてディランの60年代後半のアルバム。さらに、「ビッグ・アイアン・ワールド」の曲は完全な作品で構成されています。プロユニオンの「Union Maid」とフォーク調の「James River Blues」は、アルバム全体で傑出したトラックであり、各曲が次の曲を補完しています。 OCMS のすべてのアルバムと同様に、「ビッグ アイアン ワールド」は、同年代のアーティストが出した他のほとんどのアルバムと比較して、新鮮な空気の息吹です。さまざまなジャンルのファンが楽しめる素晴らしい曲のコレクションをまとめました。"
5,断然、Picture This は JB コレクションの中で私のお気に入りの CD です... 3 枚持っています... 1 枚は自宅用、1 枚は車用、もう 1 枚は彼のコンサートで個人的にサインしてくれました! 1997 年後半に彼がテレビのトークショーに出演して以来、彼のファンでした...私たちの毎日の多忙なスケジュールにもかかわらず、彼の音楽はいつも私たちを穏やかでリラックスした平和な場所に連れ戻してくれます...小さな子供がいる今、彼らは彼の音楽を聞くことに慣れていて、就寝時間をさらに甘くします！ :)
1,冗談でしょ？実際にこのアルバムに 5 つ星を付けている人。うわー、人々はあまりにも盲目なので、面白くさえありません。これはすべて商品化されたゴミです。 E-40は今、この「ハイフィー」のヒントにすべて乗っています。ハイフィーはおかしくて、歌詞にはまったくコンセプトがありません。すべて無意味です。プロダクション、そうですね、これらの商品化されたアルバムはすべて、このアルバムのようにプロダクションを取得しました。しかし、もう一度歌詞はどこにありますか?これは、ビート/フックのためだけにそこに座って好きなアルバムの1つです笑。私が言ったように、この種の音楽を聴く人は、本当のヒップホップが好きではありません。ヒップホップの大ファンではない人、聞いたことを批判するつもりはありませんが、ヒップホップのファンであると主張するすべての人は、ここから離れてください。このアルバムはコマーシャル ラップ リスナーのみを対象としています。代わりに本物のヒップホップを手に入れましょう。平和。
2,この CD を最初に購入したときはとても気に入りましたが、他のほとんどの CD とは異なり、時間が経つにつれて音が悪くなっていきました。 2?3か月後、それは私の引き出しに座っているだけで、キラーズが演奏されたときにラジオのステーションをスキップしていることに気づきました。今週末のヴァージン・フェスティバルで彼らのライブを見た後、私は彼らが完全に偽物であることを知った.これでお金を節約してください
5,大音量のコンサートの後、長い夜のドライブで家に帰るときは、静かで落ち着いたものを聞くのが好きです. THE PIZZA TAPES は、私のお気に入りの静かで落ち着いたピックの 1 つです。 1993 年 2 月の 2 日間、Garcia、Grisman、Rice は集まり、いくつかの曲をいじって、それらがどのようにテープに出力されるかを確認しました。誰もが知っているように、レコーディングは悪名高い「ピザ ボーイ」によって盗まれ、すぐに手ごわいグレイトフル デッドのテープおよび CD 取引コミュニティの所有物になりました。数年後、グリスマンはレコーディングをリマスタリングし、このアルバムのベスト テイクをリリースしました。これはエレクトリック・ジャムのアルバムではなく、どちらかというと即興で、静かでのんびりとしたものです。 「BGM」と片付ける人もいるかもしれません。しかし、よく聞いてみると、トリオはトラディショナルな曲やボブ・ディランの曲、そしてガーシュウィン (!) の曲を巧みに操っています。ガルシアはあちこちで失敗しますが、それらの間違いでさえ聞くのが楽しいです.間違いなくクラシック アルバムであり、期待を込めて受け取ったものです。私は今でもこれをつけて楽しんでいます。ところで、私はジャケットアートが大好きです... CDケースはピザの箱に似せて作られています.それを開くと、ディスクはすべてのトッピングを備えたピザパイです.裏面には、スパイシーなアイテムを含むすべてのおやつのメニューがあります (ガルシアの言葉を選んでください!) アルバムを聴いていると、実際にピザが食べたくなります。 PIZZA TAPES は確かに 1 つのおいしいアルバムです。素晴らしい音楽と素晴らしいピザ、なんて素晴らしい組み合わせでしょう!
2,お願いします。リック・ニールセン「テル・ミー・エヴリシング」！ Ted Templeman のような残念なプロデューサーに、素晴らしいカムバック LP になる可能性があったものをプロデュースさせたのはなぜですか?トリックファンが「マイギャング」に参加したいなら、ニュースを広めて、トリックスターが雇用され続ける場合は、将来これよりも良い努力をすることを祈らなければなりません! 「You're All I Wanna Do」と「Mommy and Daddy」のコーラスを含むタイトル トラックは、「Surrender」にしてはちょっとクールでレトロです。この不名誉の後のチープ・トリックのキャリアのように！それはあなたを「泣き虫」にするのに十分です.Pls。ブラントを連れ戻せ！
1,Amazonのレビューを見てこのディスクを購入しました。このディスクはなんと大きな失望でしょう。恥ずかしいほどアマチュアで、キーボード ループ ドラムとキーボード ベースを使用しており、これらが有名なプロのレゲエ シンガーであるとは信じがたいです。 「ダミングダウン」の別のケース子供向けの音楽は、子供たちを音楽に完全に夢中にさせるために絶対に必要なものではありません (たとえば、傑出したプタマヨ シリーズは飾り気のないものであり、馬鹿げたものではありません)。良い「子供の音楽」親と子供の両方に刺激を与え、子供たちは両親のそれに対して積極的に反応します。このディスクに $... を支払うのは残念です
5,「キック・プッシュ」を最初に聞いたとき、この男は本当に何か話したいことがあると思ったと言わなければなりません。なぜなら、彼はとても比喩的な韻を踏んでいて、彼の表現は非常に強力だから、ルーペ・フィアスコのデビュー・アルバムを買わなければならなかったからです」食べ物とお酒」。このアルバムを最初から最後まで聞いた後、私はまったくがっかりすることはありませんでしたが、実際、このアルバムは、私たちが日常生活で対処する問題について、これらを聞く代わりに、まだ韻を踏んでいるラッパーがまだ数人いることを本当に知らせてくれました車、服、ジュエリー、女性以外のことをラップしない他のMC。このアルバムは人生の多くのことに目を向けさせてくれるので、リアルラップのファンなら誰にでもこのアルバムをお勧めします。私のお気に入りの 5 曲は次のとおりです。彼が以前と同じように人生を送ることを選んだ時。歌はとても比喩的で深い。 2.「HE SAY SHE SAY」 - この歌は目に見える父親がいない小さな男の子についてのもので、彼に深く影響を与えています。 3.「ハート・ミー・ソウル」 - この歌は、女性がラップ・ミュージックで堕落させられていること、麻薬取引、曲がった警官、政府が黒人に福祉を提供していないこと、ヘルスケア、ジョンズ、売春婦に過大な請求をしていることなど、考えられるあらゆる問題について語っています。歌も非常に良いフックを持っています. 4.「SUNSHINE」 - この歌は、彼が愛を探していないにもかかわらずクラブで恋に落ちた少女についての曲です。 5. ジェイ・Zをフィーチャーした「プレッシャー」 - ルーペの観点から見れば非常に素晴らしいコンセプトであり、私はジェイ・Zの大ファンではありませんが、彼はまだ素晴らしい詩を書いています.私が好きな他の曲は、「JUST MIGHT BE OK」、「DAYDREAMININ」、「KICK PUSH」、「I GOTCHA」、「INSTRUMENTAL」、「AMERICAN TERRORISTS」です。本当のラップの真のファンなら誰にでもこのアルバムをお勧めします。
5,私はこれを十分に高く評価することはできません.それは確かに彼の最後のカップルと同じ流れですが、しばしば指摘されているように、それはより政治的で社会的な論評に満ちています.結果として、前の 2 つよりも少し気に入らない人もいます。私はそのような反応を期待していましたが、結局のところ、社会的意識の要素が驚くほど魅力的であり、ロドニーはそれらを彼のより個人的な洞察とうまく融合させ、最終的にはそれが支配的であることがわかりました.また、社会的な論評に焦点を当てると、ノトーリアス・チェリー・ボムズで彼が行った素晴らしい作品の少し怒った、より内省的なバージョンのように、これらの曲のかなりの数がただとても楽しいという事実が不明瞭になる可能性があります.ところで、このアルバムが気に入ったら、「Rednecks & Bluenecks: The Politics of Country Music」という本を手に取ってみてください。ラジオで聞く国だけでなく、オルタナティブ カントリーやアメリカーナについても取り上げます。そして、ロドニーは本全体で目立つように現れます。このアルバムに関するセクション全体があります
1,"昨年、毎週のように Billboard Hot 100 を見ていて、ある時点で、Pretty Ricky の ""Grind With Me"" という曲が動いていることに気付きました。私はその歌を聞いたことがありませんでした。フルレングスのアルバム Bluestars を聴こうと思った理由はわかりませんが、そうしましたが、CD をステレオから取り出すのに十分な速さではありませんでした。レビュアーの Hakeem が、これらの 5 つ星のレビューはすべて、グループのストリート チームか何かに属している人々によるものでなければならないと言ったことに同意します。 Pretty Ricky は 4 人で構成されています。3 人のラッパー (Spectacular、Diamond ""Baby Blue""、Slick - 私は「ラッパー」という用語を大まかに使用しています) と 1 人のシンガー (Pleasure) です。このアルバムの問題は、彼らが私が今まで聞いた中で最もエッチで最も才能のない男たちであり、それはひどい組み合わせだということです.リードシングルの「Grind With Me」は本当は「Grind On Me」と呼ばれていて、私が今まで聞いた中で最も不快なものの 1 つですが、「Playhouse」もそれほど遅れていません。そして、「Nothing But a Number」は非常に法定です。また、""Grind On Me"" での ""If lovin' you is wrong, I don't wanna be right"" や ""If I'm liin', I'm flyin'"" のような時代遅れの歌詞の使用も厄介です。 Grill 'Em"" (とにかく、それはどういう意味ですか?)。男たちはまた、「FROM THE BACK！」のような特定のアドリブを絶え間なく叫ぶ習慣があります。 「Get a Little Closer」と「Yes, sir!」について「あなたの体」について。また、Pleasure の歌声はひどいものではありませんが、あの奇抜なラップの後で聞くのは難しいです。実際、「Shorty Be Mine」での彼のコーラスは、きっとあなたを不快にさせます。その曲について言えば、「Never Let You Go」、「Can't Live Without You」、義務的なキラキラした曲「Chevy」や「グリルエム」。しかし、長い目で見れば、誰もプリティ・リッキーのことを気にかけなくなったので、それはすべて問題ではないと思います。私の兄弟が言ったように、彼らはおそらくウェンディーズで働くことに戻っているでしょう. Bluestars の CD に再び出くわしたら、「Your Body」の言葉を借りれば、くそー、ぶちのめしてやる。アンソニー・ルーパー"
5,うわー…なんて素晴らしい曲の集まり、素晴らしいアルバム。私は教会のファンですが、聞いたことがない人でも、このディスクは素晴らしいと思うでしょう。私は歌を説明する言葉を失っています。唯一残念なのは、これらの曲の演奏を収録した DVD がないことです。私は二階に行き、一晩中それを見ました
5,本当によくやった。非常に精巧に作られたCDです。 Six Days はおそらくここで最高の曲です。注: バウワウの車を待っているときの歌は Ooh Aah - Grit
2,車の CD プレーヤーでは再生できなかったので、自宅の DVD プレーヤーで聴くしかありませんでした。
1,私はジョン・フォガティのアマゾンでの長い家路のこの CD を聴き、DVD も見ました。彼の予感の DVD に匹敵するものはありません.私はそれを愛しています.それを着て、私をロックアウトさせます.彼の人生の全盛期に最高のエンターテイナーの 1 人と.彼が演奏するギターと楽器は、伝説を見るのに最高です.素晴らしい才能.彼の声はとても素晴らしくクリアです.何人かの友人がジョンのプレモニションのDVDを演奏していました.それは私たち全員を歴史のその時代に戻しました.彼らは皆アマゾンに行き、プレモニションを購入しました. .私はもう一度買いに行きました.価格はとてもリーズナブルです.プレモニションはコレクターのDVDだと考えているので.もう一度見たら.それらが利用可能になるまで待って購入しないでください.ほとんどの DVD が今日あるように、私はそれが輸入品であることを知っています.私のものはオーディオと画像で優れた再生をします.ジョンが演奏している聴衆に座っているように感じます.Premonition に 10 個の星を付けてください.John's Premonition DVD の後のものはそれと比較することはできません.彼の音楽を CD や DVD で復活させようとする彼らの努力にどれほど懸命に取り組んできたか。残りはすべて、お試しで 1 つ星を獲得します。私がコレクターズ・エディションと呼んでいるジョン・フォガティのプロモニションの DVD にはほど遠いですが。
2,Amazon.com でショパンのソナタのいくつかの抜粋を聞いただけで、はっきりとわかりました。残りは聞きたくないのです。たとえば、スケルツォ（第 2 楽章）を見てみましょう。 Lang Lang は中間エピソードを「少し遅い」だけでなく、少なくとも 2 倍遅く再生します。スコアを見ると、驚くほど異なる絵が見えます - ショパン (作曲家!) はテンポの変更を要求しませんでしたが、モルト ヴィヴァーチェを決してキャンセルしませんでした。残念ながら、パフォーマーがあちこちで物事を変更することは非常に一般的であるため、作曲家のコードを注意深く読んで理解し、理解しようとするのではなく、いわゆるオリジナルで「深い」サウンドに聞こえます。私はショパンの天才を信頼しており、既存の美よりもエゴを優先する人は決して信用していません。
2,これをアルバムと呼べる人がいるとは思えない。これはミックステープです。リル・ウェインは基本的にアルバム全体を通してフリースタイルでした!ビートは当たり障りのないもので、ウェインのフリースタイルのいくつかだけがタイトです。傑出したフリースタイル: THE MOBB、MONEY ON MY MIND、FIREMAN、OH NO、HIT EM'UP、IM A DBOY。フィラー フリースタイル: シューター、レシート、大人の男、フィール ミー、ハスラー ミュージック、モー ファイアーなど。彼がこれを購入するために北部のファンベースを獲得しようとしていたことは明らかです---。彼に 5 つ星を付けたレビュアーの大半は北方出身です。 Lil Wayne のベスト アルバムは LIGHTS OUT AND THE CARTER です。最悪のリル・ウェイン: THE BLOCK IS HOT、500 DEGREES、THE CARTER 2.
2,私は通常、Amazonで否定的なレビューを書きません。通常、否定的なフィードバック/役に立たない投票などしか得られないからです。だから私はできるだけ公平になるように努めます。レナード・コーエンのコンピレーション『アイム・ユア・マン』を手に入れたんだけど、アントニーがやってる「イフ・イット・ビー・ユア・ウィル」の驚くべき信じられないほどの演奏があるんだ。それはこのレコードで私のお気に入りの曲で、レナード・コーエンのトリビュート・コンサート全般の「come so far for beauty」は本当に素晴らしいです。 「If It be your will」はとてもソウルフルな声で演奏され、バックグラウンドボーカルが泣き叫び、彼がタイトルの言葉を何度も繰り返し述べながら、最後まで自分自身を構築する方法が大好きでした.そこで私は図書館に行き、1 か月待ってアントニーのこのデビュー レコードを借りました。常にチェックアウトまたは予約されていました。はい、それは同じ声でした。そうです、アントニーは非常に興味深く、やや美しい声を持っています。アルバムのスリーブは、最初は私を先延ばしにしました (そしてそうし続けました)。私はよく音楽とそのカバー アートを組み合わせている人物です (たとえば、This Mortal Coil の「song to the Siren」をその完璧な 23 封筒スリーブでチェックしてください)。だから私はこのアルバムを数回聴いて、実際に私をしかめっ面させてうんざりさせたばかげた歌詞に気が進まなかった。 「ミスター・マッスルは私にちっぽけな小さなものを強制的に押し込んでいます...」または「私はとても幸せなので、私を殴ってください」または「悲しみの川、飲み込まないでください」または彼が「夕暮れ」という言葉を言う息をのむような方法はわかりませんが、少し不快になりました。だから私はレコードが好きではなかったようです。それから、2005 年のエルトン ジョンの新しい音楽についての INTERVIEW マガジンの記事を読みました。彼はアントニーの 2 枚目のレコードを称賛していました。それでもう一度試してみたのですが、3曲歌った後、もう我慢できなくなりました。 CDのイメージと彼が歌っていること、または彼の言葉の表現がそれを台無しにします.レナード・コーエンのような詩人たちの歌を歌った方がいいのだろうか？エルトン・ジョンの記事で、彼はアントニーがセクシュアリティについて多く歌っていると言っていましたが、それは私が歌詞から得たものですが、彼は自分のセクシュアリティを非常に哀れな方法で表現し、「あなたが私を好きではないか、そうでないか」とほとんど言っています。私があなたに提示するこの悲しい人生に惹かれるのは、あなたがゲイ/トランスジェンダーの人々が好きではないからです.私の場合、それは真実から遠く離れることはできませんでした.このレコードを誰にも勧めるつもりはありませんが、人にこの曲について話すときは、「If it be your will」がどれだけ好きだったか、彼のソロ活動にどれほどがっかりしたかを言わずにはいられません。
2,あなたが私に尋ねると、最後のレコードのように聞こえます。常に素晴らしいバンド、アレンジ、ミキシングを持っていますが、ボブは今でも自然災害、古い車、ダストボウル、アニー、フラニー、サラ、ルースなど、彼が思いつく限りの昔ながらのナンセンスを描こうとしています。神は彼を祝福
1,他の人が何と言おうと構わない... サバタはオペラを急いで LP の能力に合わせ、マリアは常に絶叫し、ピアニッシムはなく、アルバムに収まるように時間通りに録音を終わらせなければならないように、誰もが非常に高い料金を請求された.最高のトスカはプリトレ録音のマリア・カラス。このモノラル録音を購入しないでください。この瞬間、マリアはトスカが誰なのか理解できなかった
2,私が今まで聞いたバンドの中でおそらく最も笑えるほどひどい名前を持っていることは別として、これらの人たちは本当に私のためにそれをしません.音楽の多くはかなりまともですが、歌手は信じられないほど迷惑です.さて、私は確かにボーカルの完璧さに固執しているわけではありませんが、この男は本当に悪いです.カラオケバーで酔っ払った男の話を聞いたことがあります。しかし、私が言ったように、バンド全体が完全にひどいわけではありません。彼らはまともなミュージシャンで、私はその音楽の多くが好きですが、私は本当にその歌手を回避することはできません.ふつう、バンドを名前で判断するのはよくないのですが、うーん…そんな時代じゃないですよね。
1,ルシンダは非常に高い期待を生んでいるので、少し不公平かもしれませんが、このレコードにはソングライティングが弱く、歌が弱く、アレンジが鈍く、音楽からすべての生命を追い出した何かが本当に失望しました-曲はそうではありませんすべて同じですが、何らかの理由でそれらはすべて同じように聞こえます-そして恥ずかしいことに、それらのほとんどは一度聞いたら歌うことができます.それらはとても単純で決まり文句です.
5,Amos Lee のこの新しい CD が大好きです。最初のシングルは、Shout Out Loud というタイトルです。この曲は本当に最高の気分にさせてくれます。彼のギタープレイはここでとてもエネルギッシュです。私のお気に入りのトラックは Long Line Of Pain です。個人的な喪失と孤独についての美しい歌です。同情は、このディスクのもう1つのハイライトです。エイモス・リーの繊細な声は、運の悪い人々への思いやりに満ちています。サザンガールは、南から来た女の子の魅力へのアモスの賛辞です. Night Train はとてもきれいなラブソングです。 Skipping Stone は、愛する人を失った後、前に進もうとするブルージーなサウンドの曲です。フリーダムは興味深いトラックです。自由の追求が暴力につながるべきではないことを思い出させてくれます。この曲の歌詞は真実であり、考えさせられます。 Sweet Pea は、特別な誰かの家に帰ることについてのシンプルで甘い歌です。 Careless は、友人の裏切りについて歌った素晴らしい曲です。この曲のAmosの声の喪失感と傷つきが大好きです。 Supply and Demand は、才能ある若いミュージシャン兼ソング ライターによる非常に面白い CD です。
2,いくつかのレビューに基づいてこれらの CD を入手しましたが、歌が取れません。歌っている小さな子供が多すぎて、大人は上手ではありません。それはあまりにもギミックです。伝統的な歌だけを上手に歌いたいなら、これはあなたのためのセットではありません!好きな曲をコピーして自分のCDを作ろうと思っています。1枚のCDに2曲くらいは使うと思います！悪い
5,もう一度、オードラ・マクドナルドは、彼女がストライサンド以来最高のミュージカル劇場歌手であることを証明します.多くのファンは彼女のセレクション (主にロックやポップ ソングのカバー) に疑問を抱くかもしれませんが、彼女の声と解釈は他の追随を許しません。
2,"私は兄弟作品の大ファンですが、このアルバムは真剣なビージーズコレクターへの侮辱だと感じています。ここにあるトラックは珍しいものでも、新しいものでも、利用できないものでもありません。 Barry & Robin が戻ってきて、別のコンピレーションのぼったくりではなく、彼らのファンの軍隊に御馳走を与える時が来ました. Robin の最新バージョンの ""A Live CD"" もおっと、また古い帽子の曲です。オールディーズではなく、新しい素材に飢えています。誤解しないでほしいのですが、モーリスが亡くなり、私の世界が止まり、バリー、ロビン、そして彼らの家族に同情しています。 30年以上のファンで、最初から彼らの音楽が大好きで、これからもずっとそうするつもりです....しかし、兄弟からいくつかの新しい曲が必要とされています.さあ、バリーにロビンと一緒に来て、あなたがまだ持っている素晴らしい執筆の才能を見せてください。聞き上手のお守り、ダンディー"
1,"ブラック・アイド・ピーズはラップ史上最悪のグループです！ブラック・アイド・ピーズよりも音楽を悪くする人がいるとは信じがたい。このグループは、ラップ、ヒップホップ、R&B、およびこれまでに作成されたあらゆる種類の音楽の恥です。どうやって、そしてなぜ人々がこれらの不自由で非常に才能のないラップ界の拒絶者をサポートし続けているのかは、まったく信じられない.彼らの最後のCDはゴミだと思っていたが、これはElephunkが設定した最低点を信じられないほど上回っている.唯一の良いニュースは、彼らが音楽のキャリアを殺したばかりであるため、すぐに忘れ去られ、生き残るためにコマーシャルのためにジングルを演奏しなければならなくなることです.この 3 人の独創的で、才能がなく、退屈で、迷惑で、売り切れで、偽の志望者は、あらゆる種類の音楽を作るのをやめ、音楽ビジネスから完全に撤退する必要があります。今夜、私は音楽業界のバフーンが二度と曲を作らないことを強く祈ります!!!!彼らが吸うと言うのは褒め言葉になるでしょう、彼らは次の1,000年間絶えず練習しなければならず、吸うのに十分な才能をかき集めるためだけに悪魔と取引をしなければなりません!彼らはただ恐ろしいです！"
1,ジェイミー・フォックスは平凡な俳優として最もよく知られているかもしれません（「レイ」としての良いパフォーマンスが1つあります）.しかし今、彼は平凡なシンガー/ライターとして最もよく知られています。彼は良い声を持っていますが、彼は陳腐であるか、フックがありません。基本的に実体はありませんが、映画「Ray」以降は活かせると考えています。そして、彼が良い曲を書くことができると言う人は誰でも、その曲を見て、彼の素晴らしい詩的な歌詞を見てみましょう。 、私はそれを助けることはできませんそれはあなたの体に関するものですいや、それは私が考えているすべてではありません正直に言うと、ああ、私は信じ始めています、私は何かがおかしいので、毎日、毎晩、毎時、毎分私は'私はそれについて考えています私は私の仕事、私の車の中で、教会にいることができますそして私がそれを祈ろうとすると、うまくいきません私は十分に満足できないようです[コーラス:] the time (Sex) On my mind (Sex) Everywhere I go (Sex) I'm tryna let you know (Sex) どんなドラッグよりも強い 大好きなSEX ohhheee (Sex) Can make you crazy (Sex) Can make a baby (Sex) 一晩中 (Sex) パーフェクトな曲 (Sex) どんなドラッグよりも強くて SEX も大好き ああ DVD を買うときは TV で見るようになった 39 99新しいリリースの場合 (新しいリリースの場合は 39.99) 私はそれを誇りに思っていません。 ] (Sex) いつでも (Sex) On my mind (Sex) Everywhere I go (Sex) I'm tryna let you know (Sex) どんなドラッグよりも強いんだ 愛さえSEX ohhheee (Sex) Can make you crazy (Sex) ) 赤ちゃんを作ることができます (セックス) 一晩中 (セックス) それは完璧な歌です (セックス) どんなドラッグよりも強く セックスが大好きです ああ、それを悪いと呼ぶ人もいれば、良いと呼ぶ人もいます ブルジョアをする人もいれば、フードをする人もいます 私はそうしますhood (もう一度言ってもいいですか) girl I do it hood ohh 遅いのが好きな人もいれば、速いのが好きな人もいます テンポが長続きする限りは関係ありません 私はそれを最後にします (もう一度言ってもいいですか) girl私はそれを最後にします -うわー、それはゴミの大きな山です！そのような歌詞は、彼に簡単にグラミー賞を授与するはずです。がんばれ、ジェイミー！
2,このCDには良い曲が3つか4つ入っています。あなたの子供のためのあなた自身の編集物を作るためにそれを購入したいなら、彼らはそれらのいくつかを気に入るはずです.他のものは、子供たちが興奮するのに遅くて退屈なものです.子供向けの CD ではまったく意味をなさないものもいくつかあります。子供たちを寝かしつけるためのCDにするか、励ますためのCDにするか迷ったようで、1枚のCDに両方を詰め込みました。それは私の子供たちにはうまくいきません。ジョン・リスゴーの「Singin in the Bathtub」は、はるかに良い選択です。曲は陽気で活気に満ちています。私の子供たちはいつもそれを求めます
5,"すべての Antony's Music と同様に、この EP には身も凍るような超人的な性質があります。彼の他の作品とは異なり、アルバム以外のトラック (""The Lake"" と ""The Horror Is Gone"") では、私にとって Antony & The Johnsons の核を定義する真っ白な顔の美しさにトーンダウンされています。アルバム トラック「Fistful of Love」は、私のお気に入りのアントニーの曲の 1 つであり、魂がこもったグルーヴのある嘆きであり、マゾヒズムを高揚感と贖罪のフェティッシュとして説得力のある議論にしています。価格は少し高いですが、これは Antony ファンのライブラリーへの素晴らしい追加です。"
4,私は CLAY-MATE ではありませんが、Clay Aiken は間違いなく AI のどのシーズンでも最高の次点者です。そうは言っても...このCDが好きかどうかはまだわかりませんでした。そして、私はしませんでした---最初は。でも、何度か聴いているうちに、ほとんどの曲が好きになりました。全部ではないので、5つ星は付けませんでしたが、とても良いアルバムです。私のお気に入りはたまたまタイトルトラックです。でも、CDには他にもいい曲がいくつかあります。あなたがこのスタイルの音楽に興味があるかどうかにかかわらず、Clay Aiken が最高の男性の声の 1 つを持っていると主張することはできません。おそらく彼の年齢で最高の男性の声。アダルト・コンテンポラリーに興味がある人には、このCDをお勧めします。もちろん、あなたがクレイメイトなら、何も言う必要はありません。
1,"ジミー・タンベレロはポスタル・サービスの半分であるため、私はポスタル・サービスの大ファンとして（彼らの「ギブ・アップ」は私のトップ10アルバムに簡単にカットされます）、このDntelレコードに大きな期待を寄せていました.大ミス。サンプルを聞いてください。気に入ったら購入してください。聞いたものが気に入らない場合は、与えられた 30 秒を超えると曲が良くなると誤解しないでください。この CD の価値のある曲: 1) ""(This Is) The Dream of Evan and Chan"" (The Postal Service のリミックスは iTunes で入手でき、CD に収録されているものよりも優れたバージョンです)、Death Cab の Ben Gibbard と郵便サービス。 2)「Last Songs」はどちらかというとリラックス。これらの 2 曲を iTunes で入手し、そのままにしておくことをお勧めします。まともな曲を 2 曲入れるには CD が高すぎる。 Jimmy Tamberello は、Figurine と (最近では) James Figurine と呼ばれる別のデジタル プロジェクトを行っています。これは本質的に、Dntel のよりキャッチーでポップなバージョンであり、より Postal Service に沿ったものです。"
4,これは非常に異なるサウンドのポール・サイモンのアルバムです。ブライアン・イーノの影響は明らかで、時にはやり過ぎです。しばらくこのアルバムを持っていた私の結論は、常に聴いているわけではありませんが、気分が良くなったときに、これは本当に面白くて楽しいアルバムだということです。時折、ポールはグレイスランド以来到達していないような高みに達します。ここには素晴らしい曲がいくつかあります。 「何年経ってもまだクレイジー」や「恋人と別れる50の方法」タイプの曲を探しているなら、ここでは見つけられません。ただし、ポールが限界に挑戦するのを聞きたい場合は、これがその 1 つです。ポールは、この曲で見逃すよりも頻繁に的を射ている
1,私はいつもどんなアーティストの実験精神にも感服してきました。ビジュアル アーティストとして、私は自分の作品で常に新しいことを試みており、「今から 1 週間後に見て、どのように感じるか」というテストに耐えられる新しい要素やコンセプトに出くわすことがあります。また、世界に見られないようにガラクタを大量生産することもあります。 Animal Collective は、このしばしばばかげた無意味なサウンド コレクションのリリースを再考する必要がありました。それは失敗した芸術的な実験です。これがこの特定のディスク (私が聞いた唯一の AC) についてだけ当てはまることを願っています。
2,私は、誰かが初心者向けの音楽教室のドアを開閉している間、主に幼稚園の子供たちが猫について叫んでいるアルバムを作成することに決めました。これをアートと呼びます.人々はこの音楽について多くのレビューを書き、素晴らしい、時代の知恵を保ちながら若さのエッセンスを捉えていると言うでしょう。彼らはそれが臭いと言うのを恐れているので、彼らはこれをします.音楽は耳を痛めるべきではありません。これを良い音楽と呼ぶことは、良い音楽家への侮辱です。彼らがアルバムを作曲したとき、明らかに彼らは凧よりも高かったので、いや、天気予報のバロンにしましょう。クリエイティブ;多分。会社が終わったとき、聞きやすく、楽しく、ユーモアがあり、演奏できます。いいえ
1,私はアンドリュー・ロイド・ウェバーの最大のファンではないということから始めましょう。ジョセフや各ミュージカルのさまざまな曲など、彼の作品のいくつかは素晴らしいものですが、全体として、彼はほとんどのショーに非常に偽のサウンドのポップオペラを取り入れようとしています.残念なことに、彼が初めてゴシック・オペラに挑戦した『白衣の女』はさらにひどいものでした。ウェバーは明らかに、不協和音と大音量のオーケストレーションを詰め込んで、ミュージカルのスコアが質の高い、考えさせられる作品であるかのように見せかけようとしましたが、それらは彼が音楽について本当にほとんど知らないことを示しているだけです。ショーのスコアの半分には、関連性がないように見えるランダムな音符がほとんどありません (まるで彼がソンドハイムの天才を真似ようとしているかのようです)。曲は当たり障りのないもので、本は退屈で紛らわしく、パフォーマンスの多くは標準以下です。たとえば、Woman in White を描いた出演者は、CD 全体で単に悲鳴を上げています。彼女が歌っているときでさえ、彼女の叫び声は耳が痛い.キャラクターの未熟さをノイズでカバーすることにしたかのようです。他の俳優はおおむね適切ですが、仕事がほとんどないため、描写が鈍いように見えます。確かに、この CD には、クロフォードによるフォスコ伯爵の見事な描写など、いくつかのハイライトがあります (特に、You Can Get Away With Anything のライブ バージョンは... 陽気です!) が、全体として、この CD を理解するのは困難です。いくつかの曲は非常に美しいものですが、それらが辞任するトラックは、金切り声、退屈な会話、大音量の音楽でいっぱいです。ミュージカルのライブ版CDで1曲だけ観客の反応があったのは失敗の予兆だと思う
1,少年、そして私は「キャッツ」が悪いと思った。これは、私の耳を汚すという不運に見舞われた、最も退屈で、愚かで、無意味で、まったくひどい音楽ゴミです。ひどい音楽を裏付けるストーリーラインも、音楽の範囲も、感情も、歌詞もありません。つまり、リストは永遠に続く可能性があります。警告しますが、これは $25.00 の最大の無駄遣いです。私を信頼してください。 CD を買わないでください!!! もしそうなら、CD をかぶると、私が何を言っているのか正確にわかるでしょう。あなたは警告されています。人生に目的がある
5,"このアルバムが好きなら、タイトル トラックが好きなら、バンドの名前、特にタイトル トラックの元のインスピレーションが西部劇の傑作である「Bad Company"" - 1972年。「ファンタスティックス」のハーヴェイ・シュミットによって、ピアノのインストゥルメンタル全体が映画のサウンドトラックから実質的に持ち上げられています。この曲はとても心に残る曲で、映画を見るまではちょっとした謎でした。主演はバリー・ブラウンとジェフ・ブリッジス。かなりの想像力を持った西洋のファンだけでなく、バンド自体のファンにとっても、私にとってそうであるように、曲をより意味のあるものにするのに役立つ価値があります!!両方とも強くお勧めします"
5,エルトン・ジョンに関しては、私の客観性が十分ではなく、非常に客観的ではないことを認識しているため、オンラインレビューを行うことを控えています.私は彼がすることすべてが大好きです (「Victim of Love」も!)。しかし、私はもはや抵抗できませんでした。このCDは素晴らしいです。エルトン・ジョンとバーニー・トーピンは、世代を超えてギャップを埋め、長年にわたる個人的および芸術的な失敗に敬意を表する作品を作り上げました。これは、この 2 人の天才が約 37 年間にわたって横断してきた地形を正直に、勇敢に、祝賀的に反映したものです。それが『キャプテンとキッド』の奥深さです。しかし、ここでも深みにはまらないようにしましょう。このCDは一聴に値します。歴史に興味がなくても、ただのファンでも（エルトン・ジョンのカジュアルなファンでもいいですか??）、単に良い音楽が好きなだけなら、「キャプテンとキッド」は素晴らしいです。エンターテイメント。素晴らしいアレンジ、エルトンの素晴らしいピアノ演奏、そしてもちろんフックがたくさんあります。誰も... そうです、エルトンのようにフックを書くことはできません。これらの歌はあなたの心に残ります...あなたの旅の仲間となり、良いワインのようにどんどん良くなっていきます。また、非常に多くのアーティストが古いスタンダード/ヒットの再読を行っていることについて書いたすべての人に、サポートの言葉を書かなければなりません.私は知っています、私は知っています、これは明日がないように売れています。たぶん、ロッド・スチュワートの再読 CD をもう 1 枚出すのは耐えられないと思います (私はロッドのキャリアのほとんどでロッドを愛していました...過去 5 年間に彼がやってきたことには我慢できません...ロッド...お願いしますSTOP!) これらの CD の魅力/魅力は、購入者が、信頼できるアーティストから、CD 1 枚分相当の優れた (または少なくとも有名な) 曲を入手できることを知っていることだと思います。確かに、今日、最初から最後までオリジナルで優れた CD を多く見つけることは、以前ほど簡単ではありません... CD は LP よりも長くなる傾向があるため、勢いが尽きるリスクがあります。それは...多くの人がします。ああ、古典的な CD はそこにあります。悲しいことに、「キャプテンとキッド」はチャートに火をつけませんでした。私はそれを理解することはできません。そして、人気と偉大さとは何の関係もないことを私は理解しています.それでも、これは真に素晴らしい CD であり、聴くに値する芸術作品です。それは栄光の時代にさかのぼりますが、少なくとも時代遅れではありません. 1 回聞くだけで、黄色のレンガの道、プラットフォーム シューズ、その他すべてにすぐに戻れます。いいえ、元には戻れないと思います...いずれにせよ完全ではありませんが、キャプテンとキッドと一緒にもう一度甘いドライブをするのはとてもいいことです.
1,ハンク III は、他のアーティストを台無しにすることで、彼がどれほど泣き言を言っているかを証明する以外に何もしていません。ここで芸術的能力を示唆する曲を 1 つも聞いたことがありません。この男は、口をきれいにして、他人を台無しにするのではなく、自分自身を心配する必要があります
2,足を叩くビートの速い音楽が好きなので、「Lucky To Know You」のカットだけが好きでした。 「Seeing Through You」もいいですね。おそらくレイノルズは、「ラッキー・トゥ・ノウ・ユー」のような曲を含む彼自身のCDを独立してリリースするでしょう。
4,Be Human は期待を裏切らない！サウンド fx とアコースティックとクラシックが混ざり合った音質があり、4 つ星と言うときはそれを意味します。私が 5 つ星と言うとき、通常は 10 を意味します。もし私が未来的な演劇のために音を出すとしたら、私はこれのいくつかを使用することに満足を感じるでしょう.菅野よう子は生命の秘密を知っていると思います。私はたまたま彼女の初期の作品に甘やかされており、それらのタイプの傑作をいつも切望していました。でも、アメリカンリズムか菅野よう子を選ばなければならないとしたら、菅野よう子を選びます。彼女はグラミー賞にノミネートされたことがあるのだろうか？私の本では、彼女は世界クラスです!前に言ったように、この CD は期待を裏切らず、4 つ星を正当化するのに十分なトラックがあります。ここで心配する必要はありません
5,これは Common からの私のお気に入りのリリースの 1 つです。この気の町の戦士は、ハードコアなヒップホップの頭に鮮やかな笑顔をもたらし、偽のコマーシャル ラップ アーティストの愛好家の心を目覚めさせるアンダーグラウンド リリースを作成しました。 I used to love her や ressurection のような曲でクラシック アルバムが始まり、クラシックなシカゴ ヒップホップへと誘います。歌詞だけでなく、ビートやサビもヤバい。これは、誰もがコレクションに入れるべき重要なアルバムです。
1,これは、私が今まで見た中で最速のバックスライドの記録に違いありません。彼はU Saved Meから、すでに古くなった口の悪いメロドラマのメロドラマに行きました。これはすべて、彼が自分の精神性について誠実でなかったことを示しています。すべての賞賛と栄光は、間違ったものを小便器として使用するための無料パスが与えられたことの安堵にすぎませんでした.私は、Trapped in the Closet に興味をそそられ、楽しまれたことを認めます。しかし、継続はますますばかげています。最終的に第100章に到達するまで分割払いを延長し続けることは容認できない
2,私はいつもR.ケリーの音楽が好きでした。彼が「Trapped in the Closet」をプロデュースしたとき、冗談だと思った。これは私が聞いた中で最も愚かで、最も陳腐で、最も平凡な曲の 1 つです。
2,"少年は、彼のキャリアの中で最下位と上位を占めてきました。 90 年代半ばから後半にかけて、キャッシュ マネーがラップ アリーナや主流のラジオに爆発的に普及するまで、彼はアンダーグラウンドでマリネをしていました。しかし、人々はレーベルが提供しなければならなかったのと同じ古い製品を聞くのにうんざりしました.レーベルメイトでさえ、お互いにうんざりし、政治が衰退し、何人かは去るか、名前を広める他の方法を見つけました。 BGは、ホットボーイ時代に持っていたファンのごく一部を保持しながら、独立した道を歩みました。トルコ人もそれに続きましたが、すぐにバーを吐くのではなく、バーの後ろにいることに気づきました。少年は、2003年にユーヴェザグレートのために一時的に戻ったものの、自分がソロルートに行くことに気づきました。現在、Atlantic では、Juvi は最新リリースの Reality Check に追いつく必要があります。 「ゲット・ユア・ハッスル・オン」はアルバムを始めるのに最適な曲で、ジュブナイルが前進するために何をする必要があるかを知っていることを示しています。 Trey Songz との ""I Know You Know"" は、ラジオの良い候補です。 「アラウンド・ザ・ウェイ」は、彼が決して去ったわけではなく、そのつもりもないことをフッドに知らせる曲です. Wacko との ""Sets Go Up"" はまあまあですが、彼の最初のシングル ""Rodeo"" は ""Back That [...] Up"" のミレニアム バージョンであり、より控えめなアプローチしかありません。残念ながら、アルバムはそこから急降下します。 「What's Happenin'」は特筆すべきものではなく、「Loose Booty」は [...] を揺るがすコミュニティに捧げられたもう 1 つの曲で、「Break A Brick Down」は別の Cash Money トラックから意図的にビートを借りています。 ""Who's Ya Daddy"" は意味がなく、Skip と Redd Eyezz との ""Keep Talkin'"" と ""Why Not"" が煩わしい。バン B は、""Rock Like That"" でコラボレーションすることで、別の悪い決定を下します。最大のショッカーは、ブライアン・マックナイトがばかげたキャリアの動きをする「中毒」でなければなりません。ブライアンは初めて下品な歌詞を歌っただけでなく (できれば最後の歌詞でもあります)、ジュベナイルは自分の詩をラップする代わりに話すことにしました (""The Rain"" の最後でひよこをののしっていたときのオラン ジュース ジョーンズを思い出してください)。 ) Reality Check には他にもたくさんの恐ろしい曲がありますが、あえて言及するつもりはありません。これは、Juvenile が最近の記憶の中でまとめた中で最悪のディスクに違いありません。ときどきトラックがそこかしこにあるのは許容範囲ですが、Reality Check は、彼の最大のファンでない限り対処したくないものであり、アルバムを購入しないと自分自身と一緒に暮らすことはできません。 1つ確かなことは…今後何年もラップゲームに留まりたいのであれば、少年は合法的な現実チェックを検討したほうがよい."
2,このディスクにはいくつかの OK トラックがありますが、これは過去数年間の私のお気に入りの音楽のいくつかを出した同じ Lost Trailers とはかけ離れています。よく練られたストーリーのような歌詞やサザン ロックのサウンドはもうありません。それらの素晴らしい物語 (Longfall、Pontchartrain、Love & War、West End、Dougherty County、Under FM Waves など) と素晴らしい音楽 (上記と Red Sun、Sing on Top of the World、Down in the Valley を参照) Gravy、Dixie Boy Special & I'm a Country Man に置き換えられ、誰からでも聞くことができる同じ古いラジオ フレンドリーなカントリー サウンドです。これの悲しい皮肉は、Under FM Waves (『ニュー エイジ カウボーイ』から) の歌詞と、彼らがラジオ以外でどれだけ素晴らしい音楽が存在するかについてどのように話しているかです。 、それらを大きくする必要があります）。他の 3 つの入手可能な CD を試してみてください (Story of the New Age Cowboy、Trailer Trash、Welcome to the Woods)。他にも見つけるのが非常に難しい音楽がいくつかありますが、これらの 3 つは利用できるはずです (Trailer Trash はロックバンドの曲のミックスであり、Welcome で終わった曲などです)。 PS 最後のレビューへ -- Ryder Lee はリード ボーカリストです。 Geoffrey Stokes Neilson は、ギタリスト兼リード ソングライターです。
1,BE は誇大広告に対応していないのですか?その論説を書いた人は誰であれ、罰せられる必要があります。宮廷道化師は生きるに値しない。 BE は誇大宣伝に応えているだけではありません。 BEは誇大宣伝です。初期の頃のクインシーとマイケルを彷彿とさせるコモンとカニエ。マイケルがまだ黒人で男性だった頃。簡単に言えば、BEフローです。 BE がこれ以上タイトだったら、余裕がありませんでした。スキップしたり戻ったりする必要はありません。もう一度聴けるように曲を追加するだけです。素晴らしい芸術作品。コモンとカニエ - いまいましい!!!!
1,最近、シェリル・クロウのニュー・アルバムの曲「グッド・イズ・グッド」がグラミー賞にノミネートされたと読みました。真剣に、それを思いつくのにどれだけの時間と労力がかかるでしょうか。 TNMC も、リリース時にグラミー賞を受賞しました。理由はまだわかりませんが、理論はあります。簡単に言えば、音楽業界は音楽の才能や誠実さよりもイメージに関心があります。せいぜい平凡な才能にすぎませんが、シェリル・クロウは神格化されています。これは私の意見にすぎないことを認識しています (そして私にはそれを述べる権利があります)。世界中には、探求され、評価されるべき音楽がたくさんあります。音楽業界の何人かが、この種の音楽的なドレクであなたを攻撃したり攻撃したりしないようにしてください.私には解決策があります。上記の「犯罪」の責任者であるすべてのレコード プロデューサーと業界関係者は、真の才能を認識して「魂」を得るのにどれだけの期間がかかっても、すべて懲役刑を宣告されるべきです。平和
1,そして、フォークリバイバルとは、皆さん、それが何であるかです。私は 5 つ以上のジャンルを知っているので、たとえポピュリストが私を怒らせても、私はそれにラベルを付けます。メロイは、フェアポート・コンベンション、ペンタングル、そして何よりもシャイリー・コリンズに対する彼の好みをインタビュー後に認めています。彼は、シャーリー・コリンズがアレンジしたブリティッシュ・トラディショナルの「カバー」のアルバムまで作った。なぜ伝統的な曲の別の歌手のバージョンをカバーするのですか?この愚かさは、メロイがイギリスの民俗音楽を再解釈するという長い伝統から疎外されていることを証明しているはずであり、実際、彼の作品のほとんどはバラード構成の弱い試みで構成されています.韻律のスキルがない彼は、シャーリー・コリンズのレパートリーなどの作品をモデルにした物語の構築に取り掛かります。どうやらメロイは、自分がウォルター・スコット、STC、またはジョン・キーツであるかのようにバラードを書くことができると信じているようですが、彼の弱い話は、妖精の国への脱出を必死に打ち負かそうとしているアメリカ人の想像力の貧弱さに現れています。メロイの作品の物欲しさとロマンティックな懐かしさは陳腐で、NPR ヤッピーのために計算されています。さらに、彼の声域は完全に、悲鳴、憂鬱なさえずり、鼻の鳴き声で構成されています。バンドが少なくとも有能であることは認めますが、代わりにComusの「First Utterance」、Incredible String Bandの「The Hangman's Beautiful Daughter」、またはShirley Collinsの「No Roses」を購入してください。
5,このアルバムは、コリン・レイの素晴らしいテナーを最大限に発揮しています。 「Love Me」、「Little Rock」、「My Kind of Girl」、「Not That Different」、「I Can Still Feel You」などのヒット曲がこの素晴らしいアルバムに収録されています。 Raye のヴォーカルは、選曲と同様によくできています。ほとんどの曲はレイの得意とするバラードです。あなたがコリン・レイのファンなら、このアルバムはマスト・ハブです。
1,申し訳ありませんが、ラップをしようとする子供たちはただひどいです.彼らは、ティーニー・ボッパーと呼ばれる古い学校の R および B アーティストのような単なるギミックです。この子は「ヒップホップのティーンエイジャー」になりたがっていると思います。さて、何を推測しますか？あなたは小さなボッパーのレビューを得るのではなく、大人になります。ラップをやめて、普通の子供のように大学に行く（または整備士として働く）
5,ディランとザ・バンドはこのレコードの前に何度も一緒に演奏していたが (ベースメント・テープと 1967 年のツアー)、これがリリースされた最初のレコーディングであり、このレコードでのバンドの演奏は当時のものとは大きく異なっていると言わざるを得ない。 、ライヴの「ビフォア・ザ・フラッド」とも違う。ガースの優れたキーボードとロビーの見事なギターワークに駆り立てられて、私は彼らからほとんど失われた、遊び心のある感覚を得る.ラブソング、哀悼の歌、高揚する歌、タフな歌、トーチの歌、これは時代を超えた記録です。はい、「ブラッド・オン・ザ・トラックス」に影を落としましたが、何年も経ちましたが、「プラネット・ウェイブス」は時の試練に耐えています.私はこのレコードが本当に好きです
1,信じられないかもしれませんが、良い音楽には向いていないので、実際にはこれが嫌いだと思っていました。私が思っていた通りに聞こえます。あなたが私に尋ねれば、それほどうまくいくのは難しいことではありません.あまりにも穏やかです。 {そして今、私はエンヤが好きなので、私が偽善者だと思うかもしれません}.少なくとも Enya は、悪い音楽を録音しようとしているガレージ バンドのように聞こえる人のようには聞こえません。私のスタイルではありません。
1,申し訳ありませんが、これは古典的な SHR 音楽の素晴らしい更新版になると思っていましたが、本当にがっかりしました。このアルバムのポイントがよくわかりません。そもそも、時代を超越したほぼ完璧な音楽をなぜ「リメイク」する必要があるのでしょうか。自分の子供たちがこれらのリメイクから実際に何かを学んでいるとは想像できません (結論として、それがポイントではありませんでしたか?)...そして「No More Kings」を聞くのは実に憂鬱でした-SHRが常に正確なものを持っていたとき-逆効果！
1,多くの人が、これはクラシックであり、これまでで最もクリエイティブな CD かもしれないと言うのを聞いたことがありますが、実際に聴いてみると、ただ笑ってしまいます。ミッシー・エリオットの100万倍の才能を持ち、はるかにクリエイティブな、より優れたラッパーがたくさんいます。正直なところ、歌詞はひどいです、数ビートだけは大丈夫ですが、ミッシー・エリオットの迷惑な声を聞いた後、私がこれを買ったのと同じように非常にイライラします.
1,なんて考えさせられるクリエイティブなアルバム タイトルだ。彼女がその名前を思い付くのにどれくらいの時間がかかったのだろうか?最近流行りのゴミの人々が聞いているとは信じられない.すべての曲は同じように聞こえ、同じ無意味な歌詞を持っている.彼女はプロデュースしたり、ラップを書いたり、価値のあることはほとんどできません.タワーレコードでこのゴミを見ましたが、それはただのほこりを集めていました.お金を節約し、彼女の価値のないゴミを二度と買わないでください.ブラック・サバスのような本物のアーティストを聞いてください. 、ジューダス・プリーストまたはアイアン・メイデン。私のレビューに投票することを忘れないでください
5,Iggy のキャリアの概要だけを探しているのであれば、これはかなり良い方法だと思います。彼のキャリアの各セクションからの音楽が少し含まれています
5,"この映画のサウンドトラックは最高です！とにかくそれが私の意見です。この映画（ナショナル トレジャー - 主演: ニコラス ケイジ）は、公開以来、私の一番のお気に入りの 1 つです。これに興味があるなら、「タイタニック」のサウンドトラックもお勧めします。この CD を購入するかどうか迷っている場合は、クリップを聞いてみてください。私の個人的なお気に入りは、「国宝組曲」(トラック 1) です。トラック: ""Library of Congress"" (トラック 4) と ""Declaration of Independence"" (トラック 2) はゆっくりとした良いトラックです。トラック: ""Spectacle Discovery"" (トラック 10) も私のお気に入りの 1 つです。この CD のいくつかのトラックは少し反復的かもしれませんが、全体として、この CD はお金に見合う価値があると思います"
5,Hot Boys (Old school Cash Money) ファンなら必携の CD です。
2,...このCDを買わないでください。これのほとんどはエモであり、かなりの部分が曲がりくねっていて、特にキャッチーではありません.この CD にはいくつかの優れたバンドが収録されています。おそらく 1 回か 2 回聞く価値は十分にありますが、実際のパンク ファンであれば時間を割く価値はありません。興味深い音楽の組み合わせがありますが、うまく調和していません。このコンピレーションの利点は次のとおりです。1 つは Dropkick Murphys の曲、2 つは安価です。ただし、この CD を購入することをまったく忘れた方がさらに安くなります。
