1,ヒンダーのリードボーカルは、トイレで便秘しているときにしか録音しないというのは本当ですか？彼の声はそう聞こえる。天使の唇」の歌い方は、彼の顔を殴りたくなる！このグループを聴くくらいなら、陰毛についた乾燥した精液を摘み取る方がましだ。仕事中、サビを聞く前にラジオに向かい局を変えようとして、マジでつまづいて転びそうになったよ！
5,この音楽はとてもとても素晴らしいです。  とてもエネルギーがあり、楽しいです。  子供たちは、これが「ジャズ」アルバムであることなど気にも留めず、この音楽が大好きで、幸せな気分にさせてくれることを知っています。  子供向けの音楽でお金を浪費したり、子供の知性とあなたの耳を侮辱したりしないで、二人が楽しめるものを買ってあげてください。  私たちのお気に入りは、「ドゥードゥル」と「ポテトチップス」です。  1ペニー（約100円）以上の価値があります。
5,今まで聴いた子供向けCDの中でもトップクラスです。  曲はどれもキャッチーで、聴いていて楽しいです。  ジャズの入門編としても最適です
5,ザ・マイト・ビー・ジャイアンツ初のメジャーレーベルのアルバムである。  インディペンデント・レーベルのアルバムで確立したサウンドを継承し、さらに発展させた。  TMBGの中で最も人気のあるアルバムだろう。  Birdhouse in Your Soul」、「Istanbul」、「Particle Man」など、TMBGの名曲が数多く収録されている。  ジョンズから期待されているキャッチーなメロディーとバカバカしい歌詞がぎっしり詰まっています。  すべてのThey Might Be Giantsファン必携の1枚です。
5,うちの22ヶ月の子供は、パパやママが我慢して聴く子供向けの曲より、この音楽が大好きです。
5,"Hot Hot HeatのMake up the Breakdownは、Knock Knockに続く作品です。個人的には、Hot Hot Heatの大ファンなら、最も好きなアルバムのひとつになるはずです。一曲一曲がユニークで、踊りたくなるようなキャッチーなビートが特徴です。1曲目の『Naked in the City Again』は最高です。  2曲目のNo, Not Nowは、思わず動き出さずにはいられない人気曲です。Get in or Get outはキーボードのパートが最高にRADなんです。このアルバムの最大のヒット曲であるBandagesは、Hot Hot Heatのキャリアを後押しするような曲で、この1曲だけでこのアルバムを購入する価値があると思います。Oh Goddamnitはとても素晴らしい曲で、歌詞もとても楽しいので、一緒に歌ってしまうこと間違いなしです。次の曲Avedaは、多くの人が疑問に思っていることです：元カノかヘアプロダクトか？どちらにしても、この曲は楽しめると思います。この街は、多くの人がクレイジーなファンについて書かれたものだと信じていますが、聴いてみて自分で判断してください。Talk to Me, Dance with Meも大ヒットし、ファンをHot Hot Heatにさせた。この曲は、私を踊らせ、歌わせ、その他あらゆることをお気に入りの曲に合わせてさせてくれます。Save us S.O.S.では、リードシンガー、スティーブ・ベイズの声の深みが気に入り、心が溶けるような気持ちになります。Hot Hot Heatの通常の曲とは全く違うが、In Cairoも素晴らしい曲で、Make up the Breakdownの素晴らしいエンディングを飾っている。このCDは何時間でもステレオに置いておけるだろう。曲は中毒性があるので、このアルバムは間違いなくお金を払う価値がある。"
5,素晴らしいハーモニー、素晴らしい声、美しい音楽。  このグループはもっと知られてもいいし、大成功してもいいはずだ
1,私が初めてAntony and the Johnsonsを知ったのは、Rufus Wainwrightのことを教えてくれた友人からで、とても素晴らしい新しいアーティストを聴いていたそうです。  私は地元のBarnes & NobleでこのAntonyについて調べてみることにしたのですが、そこで発見したのはとても、とても残念なことでした。  音楽は楽器的によくできていて、レイヤーも非常によくできているのですが、アントニーの声は非常に大げさで、偽物なのです。  偽物の声というのは、ビブラートの使い方のことで、非常に速く、無理矢理で羊のような（自然ではない）方法で使われているのです。  プロの声楽家たちは、ビブラートの正しい使い方は、1秒間に5～6回の振動を与えることだと教えています。  アントニーの「訓練された」響きの声は、この領域ではまったく訓練されていないことがわかる。  このバンドとレコードについて、私が非常に恐ろしいと思うもう一つの点は、曲の歌詞です。  このアーティストは、自分の性別に戸惑い、あるいは後悔しているようで、悲痛な叫びを表現している。  この歌詞は、聴き手にとって何の魅力も関係もなく、そのために聴き手は、音楽そのものを哀れみ、ほとんど迷惑に思ってしまう。  私の結論は、これはひどいレコードであり、この歌手はプロのボイスレッスンを受ける必要がある...そして助けを求める。
5,"セント・エルスホェアは、クラブ・ビートのエネルギーと、シーローのソウルフルな（そして時には切ない）声、そして示唆に富む歌詞が組み合わさっている。フレンティックな ""Go-Go Gospel ""から内省的な ""Just a Thought ""まで、さまざまなスタイルが楽しめる。購入の必需品です。"
2,この音楽は、タイトル通り、「クラシック」という言葉で説明・定義することができます。私はこの音楽が、クラブで何年もかけて演奏されてきた曲の歴史を持つ、非常にクラブ的な素材になると思っていました。CDの大部分は、ゴシックな「クラブ」素材とは思えず、特にタイプ-Oを投入しています。このCDにはとても失望しました。あちこちで何曲か聴きましたが、もしあなたが古いものに興味があるなら、これはあなたのためのものです。
4,Gothic ClubのミックスCDを家に置いてきてしまったので、これを買うことにしました。まずハマったのは、バウハウスの「Bela Lugosi's Dead」のライブ録音で、これはクラシックなゴス音楽です。好きなバンドもあれば、そうでないバンドもありますが、全体としてこれは素晴らしいCDです。私のお気に入りは2枚目のCDに収録されている「Sheryl」です。このCDは、冷やかしに、ダンスに、あるいは無教養な大衆にゴス音楽の本当の姿を見せるのに最適なCDです。
2,"トニー・ヤヨの『Thoughts of a Predicate Felon』は、トニー・ヤヨがこのアルバムで自分が何者なのか（あるいは何者であるべきなのか）わからないという事実に苦しんでいる。このアルバムを聴く前、私はヤヨの犯罪生活に関する硬質で描写的な韻を踏むことを期待していた。しかし、残念なことに、私も多くの人と同じように、""Tattle Teller""、""Curious""、""Project Princess ""などのトラックに耳を傾けてしまった。前科者であるヤヨが、もっとハードコアなもの、もっと良いものを期待している聴衆に対して、このようなメッセージを発信するのはいかがなものか。Live By The Gun ""や ""Homicide ""などのトラックで、ヤヨは私が前述した「よりハードな」歌詞を望んでいることを表現しているが、このようなトラックはほとんどないだろう。トニー・ヤヨが次のアルバムでこのようなことに集中できることを望むが、今のところ、このデビュー・アルバムは単に期待外れであった。"
1,このアルバムはつまらないと思う。仕事をしてないんじゃないかと思う。Lil Jonはワナビーだと思う。彼らは本当の仕事を得る必要があると思う。このアルバムは、買ってすぐに壊れてしまったと思う。このCDは、ほとんどのCDプレーヤーで再生できないと思う。私はこれを勧めないと思う。もう十分だと思う。私は今、地獄に落ちていると思う。どうせそうだろう魂を売ったんだから
4,このアルバムは、65歳にしてチャートのトップに立った伝説の人物による傑作です。ディランは非凡な才能を持ち、年を重ねるごとにさらに良くなっているように思える。どの曲も格別で、彼の素晴らしい才能と作曲能力を示している。
5,"この曲を初めて聴いたのは、去年の夏、家のペンキ塗りをしているときでした。新鮮な空気と太陽の下で（そして最近結婚した）、この曲はすぐに私の興味を引き、聴くたびにますます魅力的になっていくようでした。この曲は、（サビの部分は）やや「ロック」と呼べるかもしれませんが、この曲の憧れ、情熱的な愛の要素を伝えているのは、アレックス・バンドのボーカルです。彼は、この曲をただのロックソングにするのではなく、ロマンチックでユニークなものにすることに成功しています。チャドのボーカルはアレックスと大差ないのですが（どちらも男性的で力強い）、チャドのバージョンは「良い曲」であり、アレックスの歌唱は「素晴らしい曲」に仕上がっていると感じます。チャドの声は他の曲では素晴らしいのですが、このタイプの曲では、過度に威圧的で怒ったような声になっています。女性の立場からすると、アレックスの歌い方だと「付き合おう」と思わせることができるのに、チャドの歌い方だと「怖い」と思ってしまう！時には、一人のヴォーカリストがその曲を歌うことが「運命」であり、その曲を作るか壊すかのどちらかであることもある。1999年の ""Smooth ""を思い浮かべてください。ロブ・トーマスの歌唱は、あの曲をヒットさせるのに貢献した。この場合、アレックスはその仕事に最適な人物だ。"
5,"アーロ・ガスリー、タジ・マハル、ティム・オブライエンといったフォークシーンを代表するアーティストに、ブルーグラス奏者のティム・オブライエン、ロンダ・ヴィンセント、ブルースピックのケブ・モ、ガイ・デイビス、エリック・ビブ、そしてロジー・フローレスといったアメリカーナ・カントリーの面々が加わった素晴らしいキッズミュージックセットです...。素晴らしいラインナップであることは確かですが、それ以上にソングライティングの質の高さ、そして実際に子供たちに親しまれていることが重要なのです。  これは本当に楽しいアルバムです！  このアルバムは本当に楽しいアルバムです！楽しいというのは、小さな子供たちが実際にこのアルバムを気に入るかもしれないということであり、もしあなたが彼らにこのアルバムを聞かせたら一緒に歌うかもしれません。  ブリングブラング」、「バナナフォン」、「ベリーボタンソング」など、くだらない曲がたくさんある。  また、""Red, Red Robin ""のように元気な曲もあれば、""Man Named All The Animals ""のように教訓的な曲もあり、さらに、タジ・マハールの素晴らしい ""Don't You Push Me Down ""のように自己主張やコミュニケーションのスキルを模した曲もあり、不快な状況で様々な子供たちが自分自身を主張し、そのような曲もあります。  私はこのアルバムがとても好きで、これから何年も子供に聴かせようと思っている。"
5,今回のダニエルは最高です。1982年の今、あなたがまだ「アーチー・バンカーズ・プレイス」に出演していたらと思うと。かわいそうに、これからは私があなたのメインレビュアーになりますよ。なぜ、その素晴らしい声と演技の才能をニューヨークに隠しているんだ。カリフォルニア州モロベイのMirror Vision Inc.で働かせたいくらいだ。レコード会社で働かせたい。近いうちにコンサートでお会いする予定ですが、良い秋をお過ごしでしょうか。私はよくあなたのことを考え、いつも他の人にあなたの明るい星のことを話します、私はもっとあなたのことを考えたい、あなたは私に会ったことがなく、私たちは遠くなったことを知っていますが、あなたはまだ私の人生の謎です、私のためにあなたのお父さんとお母さんにこんにちはと言ってください、私はカリフォルニア州モロベイからあなたに会いたい、（私はあなたを愛しています）ラブガー
5,"1975年、ジョー・ジャクソンは、子供たちのキャリアを管理するモータウン・レコードにうんざりしていました。そこで彼は、子供たちをエピック・レコードに移籍させた。そこで、モータウンのヘンリー・コスビー、ハル・デイヴィス、さらにベリー・ゴーディーに支配されることなく、エピックは彼らの指揮をフィリデルフィア・ファンク・マイスターのケネス・ギャンブルとレオン・ハフに引き継いだ。彼らは、テディ・ペンダーグラス、MFSB、ハロルド・メルヴィンとブルーノーツ、マクファデンとホワイトヘッドなど、とてつもない成功を収めた。  彼らはジャクソンズのオリジナル曲をスタジオに持ち込み、フィリー・マジックを駆使して、史上最高のソウル・レコードを完成させた。最初から最後まで、""The Jacksons ""は、""Enjoy Yourself ""から始まり、ファンカデリックな ""Style Of Life ""で締めくくる、ファンキーなファンクフェストの頂点から次へとあなたを連れて行きます。子供の頃、このレコードを聴いて、当初は「Good Times」はジャクソンズがあのテレビ番組のテーマをリメイクしたものだと思っていました。しかし、それは純粋なスローファンクだった。Phunk-da-fied-、Phunkalicious、あるいはただ単にPhantastic、The Jackson's Epic Debut is Phat。"
5,私は68歳で、長年のスチュワートファンですが、これは彼のベストの1つです。  他のレビュアーと何が問題なのかわからない。
5,"もしイアン・カーティスが自分の人生のプラグを抜かなかったらどうなっていただろう？  私はジョイ・ディヴィジョンの熱烈なファンですが、ニュー・オーダーの良きファンでもありますから、この質問は難しいですね。  ジョイ・ディヴィジョンはあと1枚か2枚アルバムを作って解散していたかもしれない、と想像しています：ニュー・オーダーは存在しなかったかもしれない。  だから、カーティスが自殺したことは悲劇的だが、ジョイ・ディヴィジョンの残りのメンバーには、ニュー・オーダーとして効果的に再出発するための道が与えられた。  このバンドはJDとは全く異なるが、ニュー・オーダーの最初の作品である「Power, Corruption Lies」では、JDの面影を感じさせるとともに、苦悩とカタルシスの結果であろう新しい創造性を爆発させている。    このアルバムの音楽は、JDのどの作品よりもシンセとドラムを多用したものだが、後のニュー・オーダーの作品ほどではないかもしれない。  1983年にはシンセサイザーとドラムマシンが本領を発揮し、この年にシンセサイザー用のMIDIインターフェースが発明された。また、ニューウェーブ・ムーブメントがようやく固まりつつあった時期でもある。  歴史はさておき、このアルバムは素晴らしい。アップビートで、ポップなダンス・トラックが満載で、まさにニューウェーブの名盤だ。  もしあなたが「Blue Monday」（Orgyのようなひどいバンドでさえヒットさせることができたほど良い曲）のためだけにこのアルバムを買おうとしているなら、本当に驚かされることになりますよ。他の曲も素晴らしいものがたくさんあることに気づくだろう。  「Age of Consent」は私のお気に入りの1つです。  この曲もダンスに最適な曲です。  また、""the Village ""も素晴らしいトラックです。  もしNew Orderのアルバムを2枚買うなら、このアルバムとSubstanceを買ってください。  いくつかの曲は共通ですが、どちらも素晴らしいです。  でも、このアルバムの方が圧倒的に再生回数が多いんだ。  ニューオーダーファンはもちろんだが、ニューウェーブ/'sファンも必携の1枚だ。  しかし、ニューウェーブ/80年代音楽のファンやジョイ・ディヴィジョンのファンも同様にこのアルバムを買うべきでしょう。  このアルバムは、その20年の人生の中で、非常に多くの賞賛を受け、大きな影響を与えたので、現代の音楽ファンなら必ず持っているはずです。  私は強くお勧めする！  -- テッド・ムレーナ"
5,このCDは家族みんなで楽しめるのがいいですね。曲はキャッチーで、知らない人の周りで歌っているのがバレても大したことはない！
2,このCDを手に入れるのが本当に待ち遠しかった。  とても気に入りたいと思いました。  しかし--私にはあまりにもブルーグラス的なのです。  一曲一曲。  1曲か2曲ならいいのですが、どの曲も飽きます。  それに、録音品質もそれほど良くないようです。  言葉はほとんど聞こえないし、ほとんどの子どもは一緒に歌いたがる。  ジェニー・ジェンキンスは楽しい曲だし、シェネンドアは心にしみるほど美しいが、フォー・ザ・キッズやNO！の方がずっと良いCDだ
5,このアルバムは今でも楽しんでいます。どの曲もいいのですが、Hold On、You don't have to worry、Don't Goなど、他の曲より聴くことが多い曲があります。  このアルバムは素晴らしいアルバムで、すぐに売ったり交換したりするつもりはない。
5,このディスクのクルセイダーズの音は最高だ。音楽もアレンジもずっとうまくいっている。
5,エドウィン・マケインという名前がついているものなら、信じて買うべき素晴らしい製品です。彼の作る曲は、心を揺さぶり、インクの一滴一滴まで忠実に再現されています。
1,アリソン・ムーラーの最新作「Getting Somewhere」は、素晴らしい「The Duel」に続く、巨大な、巨大な失望である。率直に言って、「Getting Somewhere」に収録されている曲は、弱々しく、根性がない。  ムーラーは「The Duel」の美しさと感触を模倣しようとしているが、例えば「Hallelujah」や「New Years Day」のように、アールは素人的で陳腐で薄いプロダクションで素材の心を引き裂き、騙されたと感じるほどだ！ムーラーはこのリリースをじっくり見て、次回はRSフィールドの再インストールを真剣に検討すべきです。  もしMoorerが、燃えるようなギターグルーヴ、ドライブするドラム、魅惑的なボーカルを求めるなら、Earleはこの仕事には向かないだろう。  ムーラーは、あらゆるジャンルの中で最も優れた女性の声の持ち主であり、素晴らしい才能を持っている（彼女は意地の悪い歌も書ける！）。このCDは、彼女の能力を全く発揮していないので、すぐにバーゲン・ビンに入れるべきだ。
1,このアルバムのレビューのほとんどは、誰も知らない新しい素晴らしいジャンルやサウンドを発見したと思って特別な気分に浸っている人たちが書いているような気がするんだ。  君たちには悪いけど、このサウンドは90年代半ばからあったんだ。  Neutral Milk Hotelと呼ばれ、Decemberistsと呼ばれる詐欺師たちよりもはるかに優れていたのだ。  私の意見に反対する前に、ニュートラル・ミルク・ホテルの『In the Aeroplane over the Sea』（1997年）を手に取って、それから反対してみてほしい。
5,"Carbon Leafのサウンドは進化を続けており、その結果は素晴らしいものです。バンドは、自分たちの音楽スタイルを「定義」することはあきらめたと言います。なぜなら、それは多くの影響とオリジナルのアイディアの移り変わるブレンドだからです。これまでCarbon Leafは、ルーツ的なフォークロックにケルト、ブルーグラス、アルトポップの要素を加えたバリエーションを演奏してきました。この新しいアルバムは、クリーンでありながら印象的なストレートなポップ・ロック・サウンドに重点を置いています。その一方で、バラエティに富んでいる：例えば、""Block of Wood ""はカントリーロック的な華やかさを持ち、""International Airport ""はジャズ的な要素を含んでいる。全体として、これはバンドのブレイクアルバムにふさわしい、洗練された逸品です。  曲は、魅力的なもの（「Bright Lights」、「Love Loss Hope Repeat」）からアンセミックなもの（「Learn to Fly」、「Comfort」）、悲痛なもの（「Block of Wood」）、ユーモアなもの（「A Girl and Her Horse」）、深遠なもの（「The War Was in Color」）まで多岐にわたっています。もしあなたが感染力のあるメロディー、見事なハーモニー、示唆に富み、しばしばほろ苦い歌詞、美しい楽器編成、そして原始的で精巧に作られたプロダクションが好きなら、このアルバムはきっと気に入るはずです。   アコースティックなリズム・ギターを多用し、繊細なエレキ・ギターのリフやフィル（テリー・クラークとカーター・グラヴァット）できちんと装飾し、キラーリズム・セクション（ベースのジョーダン・メダスとドラムのスコット・ミルステッド）に支えられ、マンドリン（再びグラヴァット）のタッチもある。このアルバムでは、ゲストミュージシャンのティム・ラウアーによるキーボードワークが、カーボンリーフの初期の作品よりも少し多めになっています。そして、リード・シンガーのバリー・プリヴェット（全曲作詞作曲）の澄んだ、響くような、時には催眠術のような歌声が、すべてを包み込んでいます。  この作品は、ガスターの「Ganging Up on the Sun」と並んで、私が2006年にリリースした作品の中で最も気に入っている作品です。カーボン・リーフの新しいファンも長年のファンも、この『Love, Loss, Hope, Repeat』には多くの喜びがある。"
4,正当なヒット曲が1曲しかないグループのベストヒットパッケージで私が好きなのは、飽きがこないことだ。Timbuk 3のベスト盤は、彼らの音楽を楽しむための良いきっかけになるし、ラジオで何度も聴いたことのある曲でも飽きることはないだろう。もしバンドについてもっと情報が欲しいなら、少なくとも1つの素晴らしいウェブサイトがあるので、ウェブで検索してみてください。このCDとライブ盤を買ったら、中古のゴミ箱を探さなければならないだろう。
5,"このサウンドトラックは素晴らしいです。cdを聴いていてスキップする曲は1つもありません。  馴染みのあるアーティストと馴染みのないアーティストが歌う最近の曲と古い曲のミックスは最高です。  Anita Nalick, Breathe (2a.m.)は、アルバムの値段以上の価値があります。"
5,私は長い間、アルバムを買っていません。なぜなら、オンライン海賊版がある中で、誰が余分なお金を使う必要があるのでしょうか？でも、これは買わなきゃいけないんだ。  ファインスタインの声はとてもピュアで多彩です。ある瞬間は面白く、次の瞬間には胸を打つようなほろ苦さがあります。彼のパフォーマンスは一級品で、ライブコンサートでこれだけ歌えるということを考えなければならない。  
4,私はクリスマスCDを100枚くらい持っていますが（趣味です）、「Explicit Lyrics」の警告があるのはこれだけだと思います！  これは「Here Comes Fatty Claus」という1曲だけで、「sh*t」という言葉がかなり目立つように使われているためです。  私はかなり幼い子供がいるので、その曲の入っていないCDを焼きました。彼女はそれを気に入っています！  CDについては...かなりいい感じです。ウォーターズは、私が知る限りユニークな、キャンピークリスマスソングのベストを集めることに成功しました。    でも、ただのノベルティCDじゃないんだ...曲がいいんだよ。これは意図的なキャンプではありません...タイニー・タイムの曲を除いては、誠実なものなのです。(よくできているので、娘のお気に入りの一つです。
1,Fiddy Centだけでは物足りないのか、Kayne Westのこの恐ろしいトレンドがやってきました。今まで言われたことのないことを言う必要があるのでしょうか？何もありません。私の仕事は、一つ星のレビュアーたちがやってくれました。私が言いたいのは、このラッパーが遅かれ早かれ宇宙から消えていくことを願うということだけです。  良いラップが欲しい？トゥパック（R.I.P.）かパブリック・エネミーをどうぞ。
1,"ほとんどの人が、このアルバムをチープ・トリックの「カムバック・アルバム」だと考えていた。  しかし、16年経った今、私はこのアルバムが ""ゴーバック ""アルバムであることを認めざるを得ない。  チープ・トリックは80年代にリリースしたほとんどの作品で音楽界に火をつけることはなかったが、信じられないほど劣悪なリリース『&quot;The Doctor&quot;』で腐敗が始まるまでは、彼らのアルバムについて何か良いことを言わなければならないと、積極的に探していたのだった。  quot;TheDoctor&quot;では、探したが空振りだった。 &quot;Lap Of Luxury&quot;はそこまでひどくはないが、この後のリリースに悪い流れを作ることになった。  私は何年もかけて何十枚ものチープ・トリックのコンピレーションを作ったが、LOLから収録した曲は&quot;Let Go&quot;だけだった。  80年代から90年代初頭にかけてのリリースで一貫して私をいらだたせたのは、このアルバムがトリックを彼らのロッキンのルーツに戻したというプレスリリースだったんだ。  しかし、これはそれとは程遠いものだった。  そうですね。  私は覚えている。"
5,ダン・ゼーンズは最高です！20ヶ月の子供だけでなく、夫も私もこれを楽しんで聴いています。息子用に持っている他の音楽CDのほとんどは、少し聴くとイライラしてしまうんです。Rocket Ship Beachは楽しくて家族で楽しめる音楽です！すべての年齢の方にお勧めします。
1,うわあああああああああああああああああああああああああああああああああああああああああああああああああああこれは恐ろしいアルバムだ。Comin' From Where I'm Fromがとても良かったので、ここぞとばかりに良いものを期待したのですが。間違っている。タイトル曲のアンソニー・ハミルトンは、潜在的にポジティブな社会科学的歌詞で登場し、その後、祈りについて話し始める。もちろん、神話にこだわるカルト宗教の人たちは心配などしておらず、神話的な魔法使いが空からやってきて、ひざまづいていればすべてを解決してくれると考えている。その後の4曲は完全にジーザスソングである。人々は何らかの理由で不快と判断したアルバムに警告ラベルを求めるが、カルトの警告のようなものが必要なのだ。私は、このCDがカルトのゴタゴタに乗っかっていると知っていたら、購入しなかっただろう。Preacher's Daughter」では、「A preacher's daugher so she had common sense」とまで言っている。ジョークなのかどうかはわからないが、常識的に考えて、魔法使いは雲の上に住んでいるわけではないことがわかるはずだ。そして「Pass Me Over」は、アイス・キューブの「Lethal Injection」の2部構成のスキットで、猫がただ座ってイエスを待ち、アイス・キューブに自分のものをすべて与えるという場面を思い出させる。しかし、アンソニー・ハミルトンは、神話が現実になるのをただ座って待つことをポジティブなことのように伝えようとしています。もし、このような行動が個人的な問題や世界の問題に対する真の解決策だと考えているのなら、私は、私たちの未来がとても心配になります。それは非常に危険な精神状態です。「Sista Big Bones」は良い曲だが、これを買う価値はない。
4,Ab Fabのバブルは、マリリン・モンロー、ビリー・ホリデイ、ジュディ・ガーランドなどにそっくりな音です。  なんて才能なんだ。  彼女には自分のラスベガスショーが必要だ。  彼女は素晴らしい存在になるだろう！  
5,このアルバムについては、前作との比較という意味で、肯定的な評価と否定的な評価が多いようです。正直なところ、私はこのアルバムを3回聴くまで、バンドの人事異動を知りませんでした。Evanescenceは本物です。楽しんでください！5つ星です。
5,私はBeckのことをよく知らなかった一人です。  Loser」、「Where It's At」、「The New Pollution」など、彼のヒット曲は知っていましたが、彼について深く考えたことはありませんでした。  3ヶ月ほど前、Napster2Goでこのアルバムから2曲ほどダウンロードするまでは......「E Pro」と「Girl」だ。  何度か聴いてみて、その後すぐにGueroの全アルバムをダウンロードしました。  このアルバムが2005年のベストアルバムに選ばれたのには理由があるんだ。  これは素晴らしいアルバムです。  長いドライブ中に、ベターハーフに何曲か聴かせたら、だんだん病みつきになった。  今ではこのアルバムだけでなく、私たち2人にとってのBeckのカタログはほとんど全てです :)最初は「うーん」と思っていた曲も、だんだん好きになってきました。  音楽性は完璧だし、BECKは間違いなく健康的な皮肉が混じった強いユーモアのセンスを持っている！  E-Pro（アルバムのキックスタートが素晴らしい）、Que Onda' Guero（ローライダーのホーン、そして「ヘイ！ゲロ！」というランダムなシャウトが最高）、Girl（キャッチー。これは大ヒットするはずだった...）、Earthquake Weather（心に響くメロディー、素晴らしいリフ！）、Hell Yes（ハイ！）、そして私はRental Carが本当に好きです...ちょうどかわいい小さな曲で、短すぎます...リフと詩もキャッチーです！  このアルバムをぜひチェックしてみてください。  まさに逸品
5,このアーティストは明らかに過去のカントリーミュージシャンを参考にしているので、「アルトカントリー」という表現は確かに限定的だが、正確な参照点である。しかし、間違いなく、これは同じような古い同じようなものを繰り返すような退屈なものではなく、むしろ例外的な現代音楽である。私は通常、ツンギーよりもヘビーの方に傾くのだが、これはとてもよく書かれていてキャッチーで独特のメランコリックな雲がかかっており、この女性は歌うこともできる。この指定にふさわしい最近のミュージシャン数名のひとりである
5,"David Rawlingsプロデュースの「O.C.M.S.」が私の音楽コレクションに大きな影響を与えた後、「Big Iron World」の予約はかなり大きな期待をもって行われました。Wagon Wheel」のような即効性のある曲はないものの、「Big Iron World」は素晴らしく意外性のあるパンチを効かせています。OCMSのライブ・アクトを最大限に捉えてはいないが（そして、誰がそんなことをできるだろうか）、ローリングスのプロダクションは再びOCMSの信頼性を維持し、他のネオ・ブルーグラスのレコードに見られるような無粋でオーバープロダクションで人工的なギミックは全くなく、彼らの「オールドタイム」音楽を現代のエリアに押し出すことに成功した。   「Big Iron World ""は、歴史に囚われたり、過去の偉業に噛み付こうとするアルバムではありません。OCMSは ""Big Iron World ""で再び独自のサウンドを示し、ブルーグラス/カントリー/ロック/パンク/フォークの限界を押し広げながら、ウディ・ガスリーの寓話、ミュールスキナーのピッキング、ディランの60年代後半のアルバムに敬意を払い振り返った。さらに、『ビッグ・アイアン・ワールド』の曲は、完全な作品群を構成している。プロユニオンの「Union Maid」とフォーク調の「James River Blues」は、各曲が次の曲を引き立て、アルバム全体として機能している際立った曲である。OCMSのすべてのアルバムと同様に、『Big Iron World』は、同じような年齢のアーティストが出した他のほとんどのアルバムと比較して、新鮮な空気を感じさせるものだ。  彼らは、様々なジャンルのファンが楽しめる素晴らしい曲のコレクションを作り上げたのである。"
5,家に1枚、車に1枚、そしてもう1枚は、彼のコンサートでサインしてもらったものです！1997年末にテレビのトークショーに出演して以来、彼のファンです...日々の多忙なスケジュールにもかかわらず、彼の音楽はいつも私たちを穏やかでリラックスした平和な場所に戻してくれます...今では小さな子供がいるので、彼らは彼の音楽を聞くことに慣れていて、就寝時間がさらに甘くなりますね！:)
1,"冗談でしょう？このアルバムに5つ星をつけている人たちがいるんだ。みんな盲目すぎて笑えないよ。これはすべて商業化されたゴミだ。E-40は今、この ""hyphy ""チップに夢中なんだ。Hyphyはストレートにワックだし、歌詞には何のコンセプトもない。すべて無意味です。  プロダクションは、そうだな、このアルバムのように、商業化されたアルバムはすべてプロダクションがある。しかし、それにしても歌詞はどこにあるのだろう？   このアルバムは、ビートとフックのためだけに座って好きになるようなアルバムの1つだ(笑)。このタイプの音楽を聴く人は本当のヒップホップが好きではない、言ったように彼らは盲目だ。ヒップホップのファンでない人たちは、あなたが聴くことを批判しませんが、ヒップホップのファンを名乗る人たちは、ここから出て行ってください、あなたはそうではありません。   このアルバムは商業的なラップを聴く人だけのもので、アンダーグラウンドが好きな人は絶対に近づかないように。代わりに本物のHipHopを手に入れよう。  ピース。"
2,最初にこのCDを買ったときはとても気に入っていたのですが、他のCDと違って、時間が経つにつれて音が悪くなっていきました。2-3ヶ月後には引き出しの中で眠っていて、ラジオでKillersが流れると局を飛ばしてしまうようになっていました。今週末のヴァージン・フェスティバルで彼らのライブを見た後、彼らは完全にインチキだとわかった。自分自身のために、このCDを買うお金を節約してください。
5,"大音量のコンサートの後、長い夜道を帰宅するとき、私は静かで落ち着くものを聴きたいのです。  THE PIZZA TAPESは、私のお気に入りの静かで落ち着く曲のひとつで、アコースティックなジャミングとインスピレーションに満ちた演奏の甘い傑作です。  1993年2月の2日間、ガルシア、グリスマン、ライスの3人が集まって、いくつかの曲をいじりながらテープに録音し、その出来栄えを確認しました。  周知のように、この録音は悪名高い ""ピザボーイ ""によって盗まれ、すぐにグレイトフル・デッドのテープやCDの取引コミュニティの所有物となった。  数年後、グリスマンはその音源をリマスタリングし、ベストテイクをこのアルバムに収録した。  このアルバムはエレクトリック・ジャムのアルバムではなく、むしろ即興的で、静かで、気楽なものである。  人によっては ""BGM ""として片付けてしまうかもしれない。  しかし、よく聴いてみると、トリオは伝統的な曲、ボブ・ディランの曲、ガーシュイン（！）の曲などをとても巧みに扱っていて、インスピレーションに欠ける音や間違った音を見つけることはほとんどない。  ガルシアはあちこちで失敗しているが、その失敗さえも聴きものにしている。  間違いなく名盤であり、私は期待して受け取ったものです。  今でもこれをかけると楽しいし、何度も聴くうちにもっと良くなる。  ところで、私はこのジャケットアートが大好きです...CDケースはピザの箱を模して作られています。  CDケースを開けると、ディスクはピザパイで、すべてのトッピングが載っている。  裏面にはスパイシーなメニューも載っていて、アルバムを聴いているとピザが食べたくなるんです。  PIZZA TAPESは、確かにおいしいアルバムだ。素晴らしい音楽と素晴らしいピザ、最高の組み合わせだ！"
2,"リック・ニールセン「テル・ミー・エヴリシング」です！なぜテッド・テンプルマンのような残念なプロデューサーに、素晴らしいカムバックLPになるはずだったものをプロデュースさせたんだ？もし、トリック・ファンが ""マイ・ギャング ""になりたいのなら、トリックスターが雇用され続けるためには、これよりも良い結果を得られるように、このニュースを広めて祈らなければならない！  You're All I Wanna Do」とタイトル曲の「Mommy and Daddy」コーラスは、「Surrender」にしてはちょっとクールでレトロな感じだ-今、結婚生活は破綻している！この恥さらしの後のチープ・トリックのカリアゲのように！泣く子も黙る...ブラント復活してくれ！"
1,私はこのディスクをアマゾンのここのレビューの強さで購入しました。  このディスクはなんと大きな失望を与えたことでしょう。  キーボードのループドラムやキーボードのベースなど、恥ずかしくなるほどアマチュアで、これが有名なプロのレゲエシンガーであるとは到底思えません。  また、子供向けの音楽は、子供たちが音楽に夢中になるために必要なものではありません（例えば、優れたPutamayoシリーズは、飾り気もなく、ダブることもありません）。  良いquot;子供向け音楽は、親と子供の両方を刺激し、子供は親のそれにポジティブに反応します。このディスクに$...を支払うのは残念だ。
5,"ルペ・フィアスコのデビュー・アルバム『フード・アンド・リカー』を購入したのは、このアルバムがきっかけだった。このアルバムを最初から最後まで聴いた後、私は全く失望しませんでした。しかし、このアルバムは、車、服、宝石、女性以外のことについてラップしない他のMCを聞く代わりに、日常生活で扱う問題について韻を踏んでいるラッパーがまだ何人かいることを私に教えてくれたのです。このアルバムは、人生の多くのことに目を開かせてくれるから、本物のラップのファンなら誰にでも勧められるよ。  僕の好きな曲は5曲です：1. ""The Cool""-この曲は基本的に、死んでしまった（文字通りではない）若者のことを歌っているのだが、彼は生き返ることができ、より良い方向に変化しようとしたが、同時に彼は以前と同じように生きることを選んだ。この曲は、とてもメタファーで深い曲です。2. ""he say she say""-この曲は、父親が見えない小さな男の子について歌っていて、それが彼に深く影響している。3. ""hurt me soul""-この曲は、ラップミュージックで貶められる女性、麻薬取引、不正な警官、黒人に福祉を提供しない政府、医療費の過剰請求、売春婦など、思いつく限りの問題を語っています。この曲は、フックもとてもいい。4. ""sunshine""-この曲は、彼がクラブで恋に落ちた女の子について歌っているのですが、彼は愛を探しているわけではないのですが、この女の子には我慢できないのです。5. ""pressure"" featuring jay-z - ルペの立場からするととてもいいコンセプトの曲で、ジェイ・ズの大ファンではないのですが、彼はいいヴァースをしていますね。  他の曲では、""Just might be ok"", ""daydreaminin"", ""kick push"", ""i gotcha"", ""instrumental"", ""american terrorists ""が好きです。  このアルバムは、本当のラップのファンであれば、誰にでもお勧めできる！"
5,"この作品は高く評価できない。確かに前作と同じ系統の作品ですが、よく指摘されているように、より政治的で社会批判に満ちた作品です。その結果、前2作より少し劣るという人もいるでしょう。私もそのような反応を予想していましたが、結局のところ、社会派的な要素には意外なほど説得力があり、ロドニーはそれを個人的な洞察とうまく融合させ、最終的にはそれが優位に立つことになりました。また、社会的なコメントに焦点を当てると、これらの曲の多くが、Notorious Cherry Bombsと一緒に作った素晴らしい作品の、少し怒った、より内省的なバージョンのような、ただ楽しい曲だという事実が見えなくなってしまうことがあります。  ところで、このアルバムが気に入ったら、「Rednecks & Bluenecks」という本を手に取ってみてはいかがでしょうか：The Politics of Country Music ""という本があります。ラジオで聴くカントリーだけでなく、オルタナティブ・カントリーやアメリカーナについても書かれているんだ。この本ではロドニーが大きく取り上げられていて、このアルバムについてのセクションもあります。"
1,"去年のBillboard Hot 100を毎週のように見ていたのですが、ある時、動いている曲がPretty Rickyの「Grind With Me」であることに気がつきました。私はこの曲を聴いたことがなかったのですが、聴いた後、やはりこの曲を聴かなかったらよかったと思いました。何がきっかけでフルアルバム『Bluestars』を聴くことになったのかわかりませんが、聴いてみたら、まあ、すぐにステレオからCDを取り出せなくなりましたね。  レビュアーのハキームが、「この5つ星のレビューはすべて、グループのストリートチームか何かに所属している人たちによるものだろう」と言ったことに、私は同意する。プリティ・リッキーは、3人のラッパー（スペクタキュラー、ダイアモンド・""ベイビー・ブルー""、スリック--ラッパーという言葉は緩く使っている）と1人のシンガー（プレジャー）の4人で構成されています。このアルバムの問題は、私がこれまで耳にしたことのないような、最もエロくて最も才能のない男たちであることで、これはひどい組み合わせだ。リードシングルの「Grind With Me」は本当は「Grind On Me」と呼ばれ、私が今まで聞いた中で最も厄介なものの一つだが、「Playhouse」もそれに遠く及ばない。そして ""Nothing But a Number ""は非常に、非常に法定されています。  また、「Grind On Me」の「If lovin' you is wrong, I don't wanna be right」や「Grill `Em」の「If I'm lyin', I'm flyin'」（そもそもこの意味は？）のように、時代がかった歌詞を使っているのも気になる。また、「Get a Little Closer」では「FROM THE BACK！」、「Your Body」では「Yes, sir！」など、特定のアドリブを叫び続ける癖がある。また、Pleasureの歌はHORRIBLEではないものの、あれだけワチャワチャしたラップの後に聴くのは辛いです。実際、""Shorty Be Mine ""での彼のコーラスは、あなたにDISpleasureを引き起こすこと間違いなしです。  この曲といえば、「Never Let You Go」「Can't Live Without You」、そしてお決まりのブリンブリン曲「Chevy」「Grill `Em」のように、男たちがセックスについて語らないときも同様に印象が悪いです。でも、長い目で見れば、もう誰もプリティ・リッキーなんて気にしないし、弟が言ったように、彼らはウェンディーズで働くようになったんだろうから、そんなことはどうでもいいことなんだろうけど。もしまたBluestarsのCDに出会ったら、""Your Body ""の言葉を借りれば、ボコボコにしてやろう。  アンソニー・ルーパー"
5,わぁ...なんて素晴らしい曲の集まりなんだ、素晴らしいアルバムだ。私はチャーチのファンですが、たとえ彼らのことを聞いたことがなくても、このディスクの素晴らしさに気づくでしょう。私は曲を説明する言葉を失うほどです。唯一の残念なことは、これらの曲の演奏のDVDがないことです。私は2階に上がって一晩中見ていたいと思います。
5,本当によくできている。これは非常によくできたCDです。Six Daysはここに収録されている曲の中で一番いい曲だろう。  注：bow wowの車を待っている時の曲はOoh Aah - Gritです。
2,車のCDプレーヤーで再生できなかったので、自宅のDVDプレーヤーで聴くしかない。
1,このCDを聴き、amazonでJohn Fogertyのlong road homeのdvdも観ました。彼の演奏するギターや楽器は、偉大な才能を持つ伝説を見るのに最高です。彼の声はとても素晴らしく、クリアです。私たちは皆、あの時の歴史に引き戻されました。彼らは皆、amazonでPremonitionを買いました。私は、このDVDが輸入品であることを知っています。私のものは、音声も画像も素晴らしく、まるでジョンが演奏している観客席に座っているような気分になります。それ以外のものは、努力の結果、星1つだ。でも、僕が持っているJohn FogertyのPremonitionのCollector's Edition dvdには及ばないけどね。
2,Amazon.comでショパン・ソナタのいくつかの抜粋を聴いただけで、「あとは聴きたくない」ということがはっきりしました。たとえば、スケルツォ（第2楽章）を例にとろう。ラン・ランは、中間部のエピソードを「少し遅い」どころか、少なくとも2倍は遅く弾いています。ショパン（作曲者！）はテンポの変更を要求しておらず、モルト・ヴィヴァーチェをキャンセルしていないのです。残念なことに、演奏者があちこちに手を加えることで、作曲家のコードを注意深く読み、理解し、意味を理解しようとするのではなく、いわゆるオリジナルで「深い」演奏になることが非常に多いのです。私はショパンの天才を信頼し、既存の美の上に自分のエゴを置くような人は決していません。     
2,これをアルバムと呼べる人がいるのかわからない。これはミックステープなんだ。リル・ウェインは基本的にアルバム全体を通してフリースタイルをしている！ビートは淡白で、ウェインのフリースタイルでタイトなのは数曲だけだ。目立ったフリースタイル：THE MOBB、MONEY ON MY MIND、FIREMAN、OH NO、HIT EM'UP、IM A DBOY。ロックンロードは退屈なトラックで、クルプトはフックで囁いてる（WTF！）。彼が北のファン層にこの作品を買わせようとしていたのは明らかだ。彼に5つ星をつけたレビュアーの大半は北の方から来ている。Lil WayneのベストアルバムはLIGHTS OUTとTHE CARTERです。Lil Wayneの最悪なアルバム：THE BLOCK IS HOT、500 DEGREES、THE CARTER 2。
2,"私は普段、amazonで否定的なレビューは書かないことにしているのですが、それは大抵、否定的なフィードバック/不親切な投票などしか得られないからです。というのも、通常、amazonのレビューは否定的なものばかりだからです。だから、できるだけ公平に書こうと思います。レナード・コーエンのコンピレーション「i'm your man」を手に入れたんだけど、アントニーがやっている「if it be your will」のすごいすごい演奏があるんだ。このレコードの中で一番好きな曲だったし、レナード・コーエンのトリビュート・コンサート全般の中で、「come so far for beauty」は本当にいい曲だよ。「If It be your will ""は、とてもソウルフルな声で演奏され、バックボーカルが泣きながら、彼がタイトルの言葉を何度も繰り返しながら、最後まで自己を高めていくところがとても気に入りました。そこで私は図書館に行き、アントニーのこのデビュー作を借りるために1ヶ月待ちました。そう、それは同じ声だったのだ。そう、アントニーの声はとても興味深く、どこか美しい。このアルバムのスリーブを見て、私は最初尻込みしてしまいました（そして、その後もそうでした）。私は、音楽をそのカバーアートと一緒に並べることが多い人間だ（例えば、あの完璧な23封筒スリーブを持つThis Mortal Coilの「song to the siren」をチェックしてみよう）。だから、このアルバムを何度か聴いたが、実際にニヤニヤしたり、ゾッとしたりするような愚かな歌詞に気後れしてしまった。""ミスター・マッスル ""が ""ケチケチ ""な小物を私に押し付ける......」とか、「私はとても幸せです、だから私を殴ってください」とか「悲しみの川、飲み込まないで」とか、「黄昏」という言葉の息苦しい言い方とか、わからないけど、ちょっと不快になったんだよ。だから、僕はこのレコードが好きじゃなかったみたいだ。   その後、INTERVIEW誌でエルトン・ジョンが2005年の新しい音楽について語った記事を読んだら、アントニーの2枚目のレコードを絶賛していたんだ。それでもう一度試してみたんだけど、3曲でもう手に負えなくなった。このCDのイメージや、彼が歌っていること、あるいは言葉の表現が、それを台無しにしている。レナード・コーエンのような詩人の歌を歌えば、もっと良くなるのでは？エルトン・ジョンの記事で、アントニーはセクシュアリティについてたくさん歌っていると言っていて、それは歌詞から読み取れるのですが、彼は自分のセクシュアリティを、「もしあなたが私のことを嫌いなら、あるいは私が提示するこの悲しい人生に惹かれないなら、それはあなたがゲイやトランスジェンダーの人々を嫌いだからだ」と言わんばかりの情けない形で提示します。私の場合、それは真実から遠く離れたことではありません。私はこのレコードを誰にも勧めませんが、人にこのレコードを紹介するとき、私は「If it be your will」がどれほど好きだったか、彼のソロ作品にどれほど失望したかを語らずにはいられないのです。"
2,私に言わせれば、前作と同じようなサウンドだ。  バンド、アレンジ、ミキシングはいつも素晴らしいが、ボブはまだ自然災害、古い車、ダストボール、アニー、フラニー、サラ、ルース、その他思いつく限りの古い時代のナンセンスな絵を描こうとしているんだ。  彼に神のご加護を
1,サバタはLPの性能に合わせてオペラを急がせ、マリアは常に叫び、ピアニッシミはなく、全員がアルバムに合わせて時間内に録音を終わらせなければならないような超ハイテンションだったのである。  最高のトスカはマリア・カラスとプレートル録音です。  このモノラル録音は買ってはいけない。  マリアはこの時、トスカが誰であるかを理解していなかった。
2,今まで聞いた中で最も笑えないほどひどいバンド名であることはさておき、この人たちは本当に私のためにならないんだ。  多くの音楽はかなりまともだが、シンガーが信じられないほど迷惑だ。  私はボーカルの完璧さにこだわりがあるわけではないが、この男は本当にひどいと思う。  カラオケバーで酔っ払いの歌を聴いた方がマシだった。    でも、さっきも言ったように、バンド全体が完全にひどいというわけではないんだ。  彼らはまともなミュージシャンだし、多くの音楽が好きなんだけど、あのボーカルだけはどうしても好きになれないんだ。  通常、バンドを名前で判断するのは良い考えではありませんが、うーん...今回はそのような時ではありません。
1,ルシンダは大きな期待を抱かせるので、ちょっと不公平かもしれませんが、このレコードには本当にがっかりしました。ソングライティングは弱く、歌は弱く、アレンジは鈍く、何かが音楽の生命を追い出しています。曲は全部同じではありませんが、なぜか全部同じに聞こえます。恥ずかしいことに、一度聴いたらほとんどの曲を歌えます。
5,私はアモス・リーのこの新しいCDが大好きです。    最初のシングルは『Shout Out Loud』というタイトルです。  この曲は本当にいい気分にさせてくれる。  彼のギタープレイは、ここではとてもエネルギッシュだ。  でも、私のお気に入りの曲はLong Line Of Painです。  個人的な喪失感と孤独を歌った美しい曲だ。Sympathizeは、このディスクのもう一つのハイライトです。  エイモス・リーの繊細な歌声は、運に見放された人々への思いやりに満ちている。  Southern Girlは、エイモスが南部出身の女の子の魅力に敬意を表した曲です。  Night Trainは、とてもきれいなラブソングです。Skipping Stoneは、愛する人を失った後、前に進もうとするブルージーなサウンドの曲です。  Freedomは面白い曲です。  自由の追求が暴力に繋がってはいけないということを思い出させてくれる。  この曲の歌詞は真実であり、示唆に富んでいる。Sweet Peaは、特別な人のもとに帰ってくることを歌ったシンプルで甘い曲です。  Carelessは、友人の裏切りについて歌った素晴らしい曲です。  この曲でのエイモスの声の喪失感や傷ついた感じが好きです。   Supply and Demandは、才能ある若いミュージシャンとソングライターによる、とても楽しいCDです。
2,このCDはレビューを見て買ったのですが、歌が受け付けないです。  小さい子供が歌っているのが多すぎるし、大人もダメ。  あまりにギミックが多すぎる。  伝統的な曲をきれいに歌いたいのであれば、このセットは必要ないでしょう！  私は好きな曲をコピーして自分のCDを作ろうと思っています。私が使うのは1枚のCDに2曲くらいだと思います！  悪い点
5,オードラ・マクドナルドは、ストレイサンド以来、最高のミュージカル・シアター・シンガーであることを再び証明した。彼女の選曲（ほとんどがロックやポップスのカバー）には多くのファンが異論を唱えるかもしれないが、彼女の声とその解釈は他の追随を許さないものである。
2,私はこの兄弟の作品の大ファンだが、このアルバムは真面目なビージーズ・コレクターに対する侮辱だと思う。  ここに収録されている曲は、レアでもなく、新曲でもなく、入手不可能でもない。  バリー＆ロビンは、コンピレーションのパクリではなく、自分たちのファンたちにご褒美を与えるために復帰する時が来たのだ。  ロビンの最新作「A Live CD」だって、また古い曲ばかり......私は古い曲より新しい曲に飢えているんだ。  そして、誤解しないでほしいのですが、モーリスが亡くなったとき、私の心は傷つき、私の世界は止まってしまいました。  30年来のファンである私は、彼らの音楽を初期から愛してきたし、これからもずっとそうしていくつもりだ...だが、どうか兄弟から新しい曲が必要だ。  だからバリーはロビンと一緒になって、まだ持っている素晴らしい作曲の才能を私たちに見せてくれ。  熱心なリスナーのお守り、ダンディー
1,Black Eyed Peasはラップ史上最悪のグループだ！Black Eyed Peasより悪い音楽を作ることができる人がいるとは信じがたい。このグループは、ラップ、ヒップホップ、R&B、その他あらゆるタイプの音楽にとって、これまでに作られた音楽の恥ずべき存在だ。ラップ界の不合格者であるこのダサくて極端に才能のない人たちを、どうして、どうして支持し続けるのか、まったく信じられない。前作のCDはゴミだと思ったが、今回のCDはElephunkが設定した低いマークを信じられないほど超えている。「おい、売り払おうぜ、今まで知られている中で最悪の音楽を作ろうとするんだ」とでも言うべきものだった。唯一の良いニュースは、彼らが音楽家としてのキャリアを潰したのですぐに忘れ去られ、生き残るためにコマーシャル用のジングルに頼らざるを得ないということだ。この3人のオリジナリティのない、才能のない、つまらない、迷惑な、売れ残りの、偽物のやり手たちは、どんな種類の音楽も作るのをやめて、音楽ビジネスから完全に手を引くべきだね。今夜は、この音楽業界の愚か者たちが二度と曲を作らないよう、一生懸命に祈ることにしよう！！！彼らは最低だと言うのは褒め言葉だ。彼らは今後1000年間、常に練習し続けなければならないし、最低と言えるほどの才能をかき集めるために悪魔と契約しなければならないだろう！彼らは本当に最低なんだ!
1,"ジェイミー・フォックスといえば、平凡な俳優として有名かもしれない（『Ray』での演技は一度だけ良かったが）。  しかし今、彼は平凡なシンガー／ライターとして最もよく知られている。  彼の声は良いのだが、陳腐であったり、フックがなかったりする。  基本的に中身はないのだが、映画「Ray」の後、資本参加できると思っているのだろう。  そして、彼が良い曲を書くことができると言う人には、曲を見て、彼の素晴らしい詩的な歌詞を見てみましょう：   Yo you sleep Naw I just um, I think I want some more Yea I know we just got through But its just so good, I just caint help it tho' Its something about your body Naw it aint all I think about Well to be honest, oh Im startingin' to believe、  毎日、毎晩、毎時間、毎分、そのことばかり考えていて、仕事でも、車でも、教会でも、祈ろうとしても、うまくいかない：] (Sex) All the time (Sex) On my mind (Sex) Everywhere I go (Sex) I'm tryna let you know (Sex) It's stronger than any drug even love S-E-X ohhheee (Sex) Can make you crazy (Sex) Can make a baby (Sex) All night long (Sex) It's the perfect song (Sex) Stronger than any drug even love S-E-X oh It getting to the point to me (where I) DVD買うとテレビ観ます 新作399 (39. 999 for the new releases)99 for the new releases) I aint proud of it, because it's getting in the way of love for me And I caint help it, caint shake it (You know what) Sometimes I hear it calling me [Chorus：(Sex)ずっと (Sex) On my mind (Sex) Everywhere I go (Sex) I'm tryna let you know (Sex) It's stronger than any drug even love S-E-X ohhheee (Sex) Can make you crazy (Sex) Can make a baby (Sex) All night long (Sex) It's the perfect song (Sex) Stronger than any drug even love S-E-X oh Some call it bad、Some call it good Some do it bourgeois, some do it hood I do it hood (Can I say that one more time) girl I do it hood ohh Some like it slow, some like it fast It long as it lasts I make it last (Can I say that one more time) girl I make it last ohh - Wow, that is a big pile of trash！  こんな歌詞なら、グラミー賞も余裕で獲れるはずだ。  その調子だ、ジェイミー！"
2,このCDには3、4曲の良い曲があります。もしあなたが、自分の子供たちのためにコンピレーションを作るために購入したいのなら、彼らはそのうちのいくつかを気に入るでしょう。他の曲は、子供たちが興奮するには遅くて退屈です。子供向けのCDでは全く意味をなさないものがいくつかある。子供を眠らせるCDを作るか、それとも元気づけるCDを作るか決めかねて、1枚のCDで両方をやってしまったようです。これでは、私の子供には使えません。ジョン・リスゴー「Singin in the Bathtub」の方がずっと良い選択です。歌は陽気で生き生きしています。私の子供たちはいつもこのCDを欲しがります。
5,他のAntony's Musicと同様に、このEPも冷ややかで超人的なクオリティを持っている。彼の他の作品とは異なり、アルバム以外の曲（「The Lake」と「The Horror Is Gone」）ではプロダクションがトーンダウンされ、私にとってはAntony & The Johnsonsの核心を定義する、荒涼とした白面の美しさとなっている。アルバム収録曲の「Fistful of Love」は、私の好きなアントニーの曲のひとつで、ソウルフルでグルーヴ感のあるラメントで、マゾヒズムが高揚感と救いのあるフェチであることを説得的に主張している。  値段は少し高いが、アントニーファンのライブラリーに加えるには最適な1枚だ。
4,私はCLAY-MATEではありません...しかし、Clay AikenはAIのどのシーズンでも間違いなく最高の準優勝者です。  とはいえ...このCDを気に入るかどうか、まだ確信が持てませんでした。  そして、最初はそうではなかった。  でも、何度か聴いているうちに、ほとんどの曲が好きになってきたんです。  全部ではないので、5つ星にはしませんでしたが、とても良いアルバムです。  私のお気に入りは、たまたまタイトル曲です。  でも、このCDには他にもいい曲がいくつもあります。  このスタイルの音楽が好きかどうかは別として、クレイ・エイケンが最高の男声の持ち主であることには異論はないだろう。  おそらく、彼の年齢で最高の男性の声だ。  このCDはアダルト・コンテンポラリーに興味がある人なら誰でも薦められる。  もちろん、もしあなたがクレイ・エイケンのファンなら、何も言う必要はないだろう：
1,"ポスタルサービスの大ファンである私は（彼らの「Give Up」は私のアルバムトップ10に簡単に入る）、ジミー・タンベレロがポスタルサービスの片割れであることから、このDntelのアルバムに大きな期待をしていました。大きな間違いです。サンプルを聴いてみて、気に入ったものがあれば購入し、気に入らないものがあれば、30秒を超えると曲が良くなると思うような私の勘違いはしないでください。このCDの中で価値のある曲：1)""（これは）エヴァンとチャンの夢""（ポスタルサービスのリミックスはiTunesで入手でき、CDに収録されているものより良いバージョンです）デス・キャブとポスタルサービスのベン・ギバードが歌っているもの。2) ""Last Songs ""は、どちらかというと、リラックスできる。この2曲はiTunesで手に入れて、そのままにしておくのがおすすめです。  CDはまともな2曲のために高すぎる。  ジミー・タンベレロはFigurineとJames Figurineという別のデジタルプロジェクトを持っていて、それはDntelのもっとキャッチーでポップなバージョンで、よりPostal Serviceに近い。"
4,これはポール・サイモンのアルバムの中でもかなり異質なサウンドである。  ブライアン・イーノからの影響は明らかで、時に大げさなほどです。  このアルバムを持ってしばらく経った今、私の結論は、常に聴くようなアルバムではないが、気が向いたときには本当に面白く楽しいアルバムだということだ。  時折、ポールが『グレースランド』以来到達したとは思えない高みに到達することもある。  このアルバムには素晴らしい曲もいくつかある。  Still Crazy after all these years」や「50 Ways to Leave Your Lover」のような曲をお探しなら、ここにはないでしょう。  しかし、ポールが限界に挑戦するのを聴きたいのであれば、この曲は最適だ。  ポールはこの曲で、失敗するよりも的中させることの方が多い。
1,私は、アーティストが持つ実験的な精神にいつも感心しています。ビジュアルアーティストとして、私は常に新しいことに挑戦しています。たまに、「1週間後に見て、どう感じるか」というテストに耐えられるような新しい要素やコンセプトに出会うことがあるのです。しかし、その一方で、世の中の人が見向きもしないようなジャンクな作品を作ってしまうこともある。アニマル・コレクティヴは、このしばしば愚かで無意味なサウンドのコレクションをリリースすることを再考すべきだった。これは失敗した芸術的実験なのだ。このディスク（私が聴いた唯一のAC）だけがそうであることを願う。というのも、誰かがいつまでも芸術的な駄作をコンスタントに発表し続け、それでもまだ逃げ続けているのは恥ずべきことだからだ。
2,私は、初心者の音楽教室のドアを誰かが開け閉めしている間に、ほとんど幼稚園の子供たちが猫のことを叫んでいるアルバムを作曲し、それを芸術と呼ぶことにしたのです。  人々はこの音楽について多くのレビューを書き、素晴らしい、年齢の知恵を保ちながら若者の本質を捉えていると言うだろう。  彼らは、「臭い」と言うのを恐れて、このようなことをするのです。  音楽は耳を痛めるようなものではありません。  これを良い音楽と呼ぶのは、優れた音楽家に対する侮辱である。    このアルバムを作曲したとき、彼らは明らかに凧よりも、いや、気象観測用の風船よりも高いところにいたのだから。  創造的、かもしれない。  聴き応え、楽しさ、ユーモア、会社が終わってからも遊べるような、そんな作品ではない。
1,まず最初に、私はアンドリュー・ロイド・ウェバーの大ファンではないということをお話しします。  彼の作品の中には、『ジョセフ』や各ミュージカルからの様々な曲のように素晴らしいものもありますが、全体的には、彼はほとんどのショーに非常に偽りのサウンドのポップオペラを取り入れようとしています。  残念ながら、ゴシック・オペラに初めて挑戦した『白衣の女』はさらにひどいものだった。ウェバーは明らかに、不協和音のコードや大音量のオーケストラを詰め込むことで、このミュージカルのスコアが質の高い、示唆に富んだ作品であるかのように装おうとしたが、それは彼が音楽について本当に何も知らないことを示すだけだ。  ショーのスコアの半分は、何のつながりもないようなランダムな音符で構成されています（まるでソンドハイムの天才を模倣しようとしたかのようです）。  曲は淡泊で、本は退屈で混乱し、多くの演技は下手くそである。  例えば、「白衣の女」を演じた女優は、CDの全編を通してただ悲鳴をあげている。  歌っているときでさえも、その叫び声は耳に痛い。  まるで、自分のキャラクターの未熟さを騒音でカバーすることにしたかのようだ。  他の役者もそれなりなのだが、あまりに役不足なので、描写が退屈に感じられる。確かに、クロフォードのフォスコ伯爵の素晴らしい演技（特にYou Can Get Away With Anythingのライブバージョンは素晴らしい！）など、このCDのハイライトもあるのだが、全体として、このCDを受け入れるのは難しい。  いくつかの曲は非常に美しいのに、それらが辞任したトラックも、悲鳴や退屈な台詞、大音量の音楽でいっぱいです。  ミュージカルのライブ盤CDで、1曲だけ観客のリアクションがあるのは、失敗の予兆だと思う。
1,キャッツ」はダメだと思ってたんだ。これは、私の耳を汚した不幸な出来事として、最も退屈で、愚かで、無意味で、全くひどい音楽のゴミのような作品です。ストーリーラインもなく、音楽の幅もなく、感情もなく、ひどい音楽を裏付ける歌詞もない。つまり、リストは永遠に続くのだ。警告しておきますが、これはあなたが使うかもしれない、いや、これから使うかもしれない25ドルの最大の無駄遣いです。お願いです、自分のために、そして私を信じてください。このCDは買わないでください！もし買ったとしても、それを聴けば、私が何を言っているのかよくわかるはずです。さあ、あなたの稼いだお金を、人生の目的があるものに使ってください。
5,このアルバムが好きなら、タイトル曲が好きなら、バンド名と特にタイトル曲の元ネタが、西部劇の傑作「バッド・カンパニー」（1972年）であることを知れば、一部のハードコアなファンも刺激されるかもしれませんね。  ピアノのインストゥルメンタルは、「ファンタスティックス」のハーヴェイ・シュミットが手がけたこの映画のサウンドトラックから引用されたものです。  この曲は、映画そのものを見るまでは、ちょっと謎だったのですが、とても心に響く曲です。  主演はバリー・ブラウンとジェフ・ブリッジス。  この曲は、あらゆる想像力を持つ西部劇ファンだけでなく、バンド自体のファンにとっても価値があり、私にとってそうであったように、この曲をより意味のあるものにする手助けをしてくれるでしょう  どちらもおすすめです
5,"エルトン・ジョンに関しては、私の客観性はあまり高くないと認識しているので、オンラインレビューをするのを控えていました。  私は彼のやることすべてが大好きです（「Victim of Love」さえも！）。  でも、もう我慢できませんでした。  このCDは素晴らしい。  エルトン・ジョンとバーニー・トーピンは、世代を超え、溝を埋め、さらには長年にわたる個人的・芸術的な過ちに敬意を表する作品を作り上げました。  この作品は、2人の天才が約37年の間に歩んできた道のりを、正直に、勇気をもって、祝福しているのです。  それが ""The Captain and the Kid ""の奥深さだ。  しかし、ここでも深みにはまり込まないようにしよう。  このCDは一聴の価値ありです。  歴史に興味がなくても...ただのカジュアルなファンでも（エルトン・ジョンのカジュアルなファンでもいいのか）、いい音楽が好きでも、""The Captain and the Kid ""は最高のエンターテインメントだ。  素晴らしいアレンジ、エルトンの素晴らしいピアノ演奏、そしてもちろんフックの数々...。  誰も...そう、エルトンほどフックを書ける人はいない。  これらの曲はあなたの心に残る...あなたの旅の伴侶となり、良いワインのように、どんどん良くなっていくのです。  また、多くのアーティストが古いスタンダードやヒット曲の焼き直しをしていることについて書いている人たちに対して、応援の言葉を書かなければならない。  わかってる、わかってる、こんなものが明日をも知れぬほど売れてるんだ。  私は、ロッド・スチュワートの再演CDには耐えられないと思うが（ロッドのキャリアの大半は好きだったが、ここ5年間の彼の行動には耐えられない...ロッド...どうかやめてくれ！）、これらのCDの魅力/アピールは、購入者が信頼できるアーティストから良い（または少なくとも知られている）曲をCD1枚分得られるとわかっていることだと思う。  CDはLPよりも長いので、飽きるというリスクもありますし、実際、そうなっているものも多いですね。CDはLPより長くなりがちで、そのため息切れする危険性があり、現実的に...多くのCDがそうなっています。  悲しいかな、""The Captain and the Kid ""はチャートに火をつけることができなかった。  私にはそれが理解できない。そして、人気は偉大さとは無関係であることも理解している。しかし、このCDは本当に素晴らしいCDであり、聴く価値のある芸術作品である。  栄光の時代に逆戻りしたような作品でありながら、少しも古さを感じさせない。そして、一聴すれば...たった一聴すれば、プラットフォームシューズを履いて、黄色いレンガの道に戻ることができるのです！いや、戻ることはできないだろう...とにかく完全に戻ることはできないが、キャプテンとキッドと一緒にもう1度甘い旅に出るのはとてもいいことだ。"
1,ハンク3世は他のアーティストを酷評することで、自分が泣き虫であることを証明したに過ぎない。  この曲の中で、芸術的な能力を示唆するような曲は1つもない。  この男は他人を批判するよりも、自分の口を綺麗にして自分のことを心配する必要がある。
2,"足を叩くようなビートのある速い音楽が好きなので、カットされた ""Lucky To Know You"" だけは気に入りました。  ""Seeing Through You ""もいいんだけどね。  おそらくレイノルズは、""Lucky To Know You ""のような曲を増やしたCDを自主制作でリリースするのだろう。"
4,Be Humanは期待を裏切りません！サウンドFXとアコースティックとクラシックを織り交ぜた音質で、4starsと言ったら本気です。5つ星というのは、通常、10点という意味です。もし私が近未来劇の音響を担当することになったら、この一部を使うことで満足感を得られると思います。菅野よう子は「人生の秘密」を知っていて、その方程式を何度も何度も私たちに教えてくれていると思う。私はたまたま菅野さんの初期の作品に甘えていたので、そういう傑作に憧れるのですが、アメリカンリズムと菅野よう子のどちらかを選ぶとしたら、菅野よう子です。彼女はグラミー賞にノミネートされたことがあるのだろうか？私の中では、彼女はワールドクラスです！前にも言ったように、このCDは期待を裏切らないし、4つ星を正当化するのに十分な曲数が収録されています。心配は無用です。
5,これはコモンのリリースの中で最も好きなものの1つだ。このシカゴの戦士は、ハードコアなヒップホップ・ヘッドに活気ある笑顔をもたらし、偽のコマーシャル・ラップ・アーティストを愛する人々の心をも覚醒させるアンダーグラウンドなリリースを作り上げた。I used to love h.e.r.やressurectionのような曲は、クラシックなアルバムの始まりで、クラシックなシカゴのヒップホップへの道へとあなたを誘うだろう。歌詞だけでなく、ビートやフックもドープだ。このアルバムは、すべての人のコレクターになる必要がある重要なアルバムだ。
1,これは、私が今まで見た中で最も早い後退の記録に違いない。  彼は「U Saved Me」から、もう古くなってしまった口下手なメロドラマのようなソープオペラになった。これはすべて、彼が自分のスピリチュアリティに対して誠実でなかったことを示しています。すべての賞賛と賛美は、間違ったものを便器として使用することでフリーパスを与えられたという安心感に過ぎなかったのだ。  私は、「トラップ・イン・ザ・クローゼット」に興味を持ち、楽しませてもらったことは認める。最終的に100章に到達するまで（彼の話を聞いていると、それが彼の計画のようだ）、分割払いを延長し続けることは、受け入れがたいことだ。
2,"私は昔からR.ケリーの音楽が好きだった。  彼が ""Trapped in the Closet ""を制作したとき、私は冗談だと思った。  これは私が聞いた中で最も愚かで、最も陳腐で、最も当たり障りのない曲の1つです。"
2,"Juvenileは、そのキャリアの中で底辺と頂点を経験してきた。  90年代半ばから後半にかけて、Cash Moneyがラップ界だけでなくメインストリームのラジオでも爆発的にヒットするまで、彼はアンダーグラウンドで生き続けてきた。  しかし、その後、人々はレーベルが提供する同じような製品を聞くのに飽きた。  レーベルメイトでさえも、お互いに嫌気がさし、政治的なこともあって、脱退したり、自分の名前を世に出す他の方法を探したりする人も出てきた。  B.G.はインディペンデントの道を歩み、ホットボーイだったころのごく一部のファンにとどまった。  Turkもそれに倣ったが、やがて棒を振るのではなく、塀の中にいることに気づいた。  Juvenileは、2003年にJuve The Greatで一時的に復帰したものの、ソロの道を歩むことになった。  Atlanticに移籍したJuviは、最新作『Reality Check』で、その遅れを取り戻すことになる。  「Get Your Hustle On ""は、Juvenileが出世するために何をすべきかを知っていることを示す、アルバムの幕開けに最適なトラックだ。  Trey Songzとの ""I Know You Know ""は、ラジオで聴ける良い候補曲です。  ""アラウンド・ザ・ウェイ ""は、自分が決して離れないし、そのつもりもないことをフードに知らしめるための曲だ。  Wackoとの ""Sets Go Up ""はまあまあで、最初のシングル ""Rodeo ""は ""Back That [...] Up ""のミレニアムバージョンで、より控えめなアプローチである。  しかし、残念ながらアルバムはそこから急降下していく。  「What's Happenin'」は特筆すべきものではなく、「Loose Booty」は[...]シェイク・コミュニティに捧げた曲で、「Break A Brick Down」は意図的に他のCash Moneyの曲からビートを借用している。""Who's Ya Daddy ""は無意味で、SkipとRedd Eyezzの ""Keep Talkin'""や ""Why Not ""といった迷惑な曲と一緒だ。  Bun Bは ""Rock Like That ""でコラボすることで、またもや誤った判断を下している。  最大の衝撃は、ブライアン・マックナイトが間抜けなキャリアを歩んでいる ""Addicted ""である。ブライアンが初めて（そしてできれば最後）下品な歌詞を歌っただけでなく、ジュヴナイルはラップの代わりに詩を話すことにした（「The Rain」の最後で女性を罵倒していた時のオラン・ジュース・ジョーンズを思い出してほしい）。    Reality Check』には他にもひどい曲がたくさんあるが、わざわざ言及する気にもならない。  これは、最近の記憶では、ジュヴナイルが組んだ中で最悪のディスクに違いない。  たまに許容できる曲もあるが、『Reality Check』は、彼の大ファンで、このアルバムを買わなければ生きていけないという人以外には、コピーしたくない作品だ。  この先もラップの世界で生きていきたいのなら、Juvenileはちゃんと現実を見つめた方がいい。"
2,このディスクには2曲ほどOKな曲があるが、これは過去数年間、私のお気に入りの音楽を発表してきたLost Trailersとは全く違う。  よく練られた、物語のような歌詞も、サザン・ロックのサウンドも、もうないのだ。あの素晴らしい物語（Longfall、Pontchartrain、Love & War、West End、Dougherty County、Under FM Waves、その他多数）と素晴らしい音楽（上記の他、Red Sun、Sitting on Top of the World、Down in the Valley）は、Gravy、Dixie Boy Special & I'm a Country Manと誰からも聞ける同じ古いラジオ向けのカントリーサウンドにとって代わっている。  悲しい皮肉は、『Under FM Waves』（『New Age Cowboy』収録）の歌詞で、彼らがラジオからどれだけ素晴らしい音楽が消えていったかを語っていることだ。そして、何が起こったかを見てみよう：ラジオで成功するために作られた曲（当然、ビッグになるはずだが）。  他の3枚のCD（Story of the New Age Cowboy、Trailer Trash、Welcome to the Woods）を試してみてください。彼らは他にも入手困難な音楽を持っているが、この3枚は入手可能なはずだ（Trailer TrashはRock Bandの曲やWelcomeに収録された曲などをミックスしている）。  P.S.最後のレビューへ--ライダー・リーはリード・ヴォーカリストです。Geoffrey Stokes Neilsonはギタリストでありリードソングライターです。
1,BEは誇大広告に応えられない？  あの社説を書いた人は罰せられる必要がある。法廷闘士に生きる資格はない。  BEは誇大広告に応えているだけでなく、BEこそが誇大広告なのです。  コモンとカニエは、初期の頃のクインシーとマイケルを彷彿とさせる。  マイケルがまだ黒人で男性だったころのことだ。  簡単に言えば、BEは流れている。  BEがこれ以上タイトだったら、我々はそれを買う余裕がない。  飛ばしたり戻ったりする必要はない。ただ、もう一度聴かせるのに十分な曲がある。  素晴らしい芸術作品だ。  コモンとカニエ、最高！！！！
1,シェリル・クロウのニューアルバムに収録されている「Good is Good」が、グラミー賞にノミネートされたというニュースを最近読みました。これにはどれだけの時間と労力が必要だったのだろう。TNMCも発売当時、グラミー賞を受賞しています。なぜなのか、いまだに理解できないのですが、一応の仮説はあります。簡単に言うと、音楽業界は、音楽の才能や誠実さよりも、イメージに興味があるのです。シェリル・クロウは、せいぜい平凡な才能しかないのに、神格化されている。これは私の意見に過ぎないが（そして私にはそれを述べる権利がある）、このような音楽には吐き気がする。世界中には、探求し、評価されるべき音楽がたくさんあるのです。音楽業界の一部の人たちが、この種の音楽であなたを攻撃したり襲ったりしないようにしてください。私は解決策を持っています。上記のような「犯罪」を犯したレコードプロデューサーや業界関係者は全員、真の才能を認め、「SOUL」を得るために必要な時間だけ、刑務所に入るべきです。平和
1,そして、フォーク・リヴァイヴァリズムとは何かというと、皆さん、私は5つ以上のジャンルを知っているので、ポピュリストに非難されようとも、それにラベルを貼ります。  メロイは、フェアポート・コンヴェンション、ペンタングル、そして何よりもシャーリー・コリンズへの嗜好を、次から次へとインタビューで認めている。  彼は、シャーリー・コリンズがアレンジしたイギリスの伝統音楽の「カバー」アルバムも出しているが、これは馬鹿げたコンセプトである。  なぜ、伝統的な曲を他の歌手のバージョンでカバーするのか？  このバカバカしさは、メロイが英国民謡の再解釈という長い伝統から疎外されていることを示すはずだが、実際、彼の作品のほとんどはバラード作曲の弱々しい試みで構成されている。  韻律的な技術もなく、シャーリー・コリンズのレパートリーなどに倣った物語を構築していく。  明らかにメロイは、自分がウォルター・スコットやS.T.C.やジョン・キーツのようにバラードを書くことができると信じているが、彼の弱い物語は、フェアリーの国への逃避行を必死で試みるアメリカ人の想像力の貧困を随所に示している。  メロイの作品の切なさやロマンティックなノスタルジーは、NPRのヤッピー向けに計算された陳腐なものに見えてしまう。  さらに、彼の声域は雄叫び、メランコリーなワーブリング、鼻声のホワインだけで、この泣き虫のトラブルアドラーは常に風邪をひいているかのように聞こえる。  このバンドが少なくとも有能であることは認めるが、自分のために、コムスの「First Utterance」、インクレディブル・ストリング・バンドの「The Hangman's Beautiful Daughter」、シャーリー・コリンズの「No Roses」を代わりに買ってみてはいかがだろうか。
5,このアルバムでは、コリン・レイの素晴らしいテナーが存分に発揮されている。Love Me」「Little Rock」「My Kind of Girl」「Not That Different」「I Can Still Feel You」などのヒット曲が、この見事なアルバムに収録されています。レイのボーカルは、選曲もさることながら、よくできている。ほとんどの曲がレイの得意とするバラードです。コリン・レイのファンであれば、このアルバムは必携の一枚だ。
1,申し訳ないが、ラップをしようとする子供たちは、ただ恐ろしいだけだ。昔のR＆Bアーティストがティニーバッパーと呼ばれていたように、彼らはただのギミックなんだ。この子は「ヒップホップ・ティニーバッパー」になりたいんだろうね。さて、どうでしょう？ティーンエイジャーのレビューじゃなくて、大人のレビューが来るんだよ。ラップをやめて、普通の子供のように大学に行って（あるいは整備士として働いて）ください。
5,ディランとバンドはこのアルバム以前にも何度も共演しているが（ベースメント・テープや1967年のツアー）、このアルバムは初めて発表された彼らの録音で、このアルバムでのバンドの演奏は当時とは大きく異なり、ライブの「Before the Flood」とも異なっていると言わざるをえない。ガースの素晴らしいキーボードとロビーの見事なギターワークが牽引するこのアルバムからは、ほとんど負けたような、遊び心に満ちたフィーリングが感じられる。ラヴソング、ダージソング、アップリフティングソング、タフソング、トーチソング、これは時代を超えて愛されるレコードです。確かに「ブラッド・オン・ザ・トラックス」の影に隠れてしまったが、もう何年も経っているのに、「プラネット・ウェイブス」は時の試練に耐えている。私はこのレコードが本当に好きだ
1,信じられないかもしれませんが、実は私は、この音楽が良い意味で自分に合わないので、嫌いになると思っていました。私が思っていた通りの音、つまり「くだらない音」です。私に言わせれば、そんなにいい曲だと思うほどハードじゃない。落ち着きすぎているんです。{そして今、あなたは私がエンヤを好きだから偽善者だと思うかもしれません。｝少なくともエンヤは、ガレージバンドで悪い音楽を録音しようとしているような人の音ではない。私のスタイルではありません。
1,申し訳ないが、私はこれが古典的なSHRの音楽の素晴らしいアップデートバージョンになると思っていた - そして私は本当に失望した。このアルバムの意味がよくわからない。そもそも、時代を超越した、かなり完璧な音楽をなぜ「リメイク」するのか？  自分の子供がこのリメイクから何かを学ぶなんて想像もできないし（要するに、それが重要なんじゃないのか？）...それに「No More Kings」を聴くと、SHRはいつも正反対の効果を持っているのに、まさに憂鬱になった！
1,今、私は多くの人が、これは古典であり、すべての時間の中で最も創造的なCDかもしれないと言っているのを聞いたが、私は耳を傾けるとき、私はただ笑う。ミッシー・エリオットの100万倍の才能を持ち、もっとクリエイティブなラッパーはたくさんいる。正直なところ、歌詞はひどいし、ビートも2、3曲はいいんだけど、ミッシー・エリオットのうるさい声を聴いた後では、これを買った私のようにとても悔しい思いをすることになる。
1,彼女はプロデュースもラップもできないし、作曲もできない。
5,イギーのキャリアの概要だけを知りたいのであれば、これはかなり良い方法だと思う。  彼のキャリアの各セクションから少しづつ音楽が収録されている
5,"この映画のサウンドトラックは最高です！映画「ナショナル・トレジャー」（主演：ニコラス・ケイジ）が公開されて以来、私の一番のお気に入りの1つです。また、「タイタニック」のサントラもおすすめなので、興味がある方はぜひ。そして、このCDを買うかどうか迷っている人は、クリップを聴いてみてください。個人的に好きなのは""National Treasure Suite""（トラック1）です。トラック」です：""Library of Congress"" (Track 4)、""Declaration of Independence"" (Track 2)はスローな感じでいい感じです。トラック""Spectacle Discovery"" (Track 10)も私のお気に入りの一つです。このCDのいくつかのトラックは、少し繰り返しになりますが、全体として、私はこのCDはお金を払う価値があると思います。"
5,ホットボーイズ（オールドスクールキャッシュマネー）ファンなら必携のCDです
2,...このCDは買わないでください。  このCDのほとんどはエモで、かなりの部分が蛇足で、特にキャッチーでもない。  このCDにはいくつか良いバンドがあり、1、2回聴く分には十分だが、実際のパンクファンなら時間をかける価値はないだろう。  面白い音楽が混ざっているが、あまりうまくまとまってはいない。  このコンピレーションのプラス面は、1つはDropkick Murphysの曲、2つは安価であることです。  しかし、このCDを買うことをまったく忘れてしまう方が、もっと安価です
