1,「彼が動きを妨げられる排泄にいる間、脚のためのリード・シンガーが記録するだけであるというのは本当ですか？彼の声は、そう聞こえます。彼が「「天使の唇」」を歌う方法は、私に彼の顔を叩きたくさせます！私は、このグループを聞くことについて乾燥精液を陰毛から見つけたいです。コーラスを聞く前に、私は深刻にほとんどつまずいて、ラジオに着いて、駅を変えようとして職場で倒れました！
5,「まあまあ素晴らしいこの音楽。それは、超高エネルギーと楽しみです。子供は、それを本当に心配しませんこんなに彼らがそうするものが彼らが音楽が好きな、そして、それが彼らに幸せであると感じさせるために、あるということを知っている「「ジャズ」」album-。あなたのお金を浪費しないで、あなたの子供知性とあなたの耳を侮辱しませんで何、「「子供」」音楽としての人気商品は、彼らのためにあなた両方が楽しむことができる何かを得ます。我々のお気に入りは、「「落書き」」歌と「「ポテトチップス」。です「あらゆるペニーそのうえどっさりの価値がある」
5,これは、私が聞いた最高の子供CDの1枚です。歌は、人を引き付けるすべてと聞く楽しみです。それは、ジャズへのすばらしいイントロです
5,「これは彼ら力でした。そして、ジャイアンツ最初の長調ラベル・アルバムであってください。それは、そして、詳述されて、彼らがindependantなラベル・アルバムの上で確立した音を続けました。それは、多分TMBGの最も人気のあるアルバムであるでしょう。それは、多くの古典TMBG歌（「「あなたの魂の巣箱」」、「「イスタンブール」」と「「小片人」」のような）を特徴とします。それは、我々がジョーンズに期待しに来た覚えやすいメロディーと愚かな歌詞で一杯詰まっています。必要なものは、ジャイアンツ・ファンを彼らがそうであるかもしれないすべてのためにします」
5,我々の22ヵ月。ちびっこがそのおかあさんを調整するよりそれほどこの音楽とおとうさんが聞くのにほとんど耐えることができない古い好きなもの。
5, 故障の上の暑い熱さの製造は、打撃打撃打撃のフォローアップです。個人的には、あなたが大きい熱い熱い熱ファンであるならば、これはあなたの最もお気に入りのアルバムの1曲であるでしょう。どの歌もユニークで、あなたに踊りたくさせる人を引き付けるビートをします。シティで露骨な最初の歌は、再びすばらしいです。第2の曲は、いいえ、現在でなく、あなたには助けられないが、動かし始める人気の曲です。入るか、アウトが大部分のラド・キーボード入力地域のいくつかを持っていることを得てください。包帯、アルバムの上で最も大きいヒットの1つは暑い暑い熱さの経歴を押し上げたことの部類です、そして、この1曲の歌だけはアルバムを購入する価値があるようにします。ああちくしょう、そうあなたが歌うにちがいない非常に楽しい歌詞で、そのような驚くことは、歌です。次の歌Avedaは、我々の多くを怪しませ続けます：元ガールフレンドまたは髪製品？まだこの歌を楽しむように、あなたがそうするどちらの方法でも。このタウン、多くが、一部の狂ったファンについて書かれたことを思っています、あなたは聞いて、あなた自身で決めます。Meに向かって話してください、Meによるダンスはファンを暑い暑い熱さに入れた非常に大きいヒットでもありました。この歌は、私をダンス、歌うこととあなたがお気に入りの歌に合わせてすることができるその他のことにします。保存の上で我々S。あなたがそうするO. S.はリード・シンガーがどれくらい深いかについて好きです、スティーヴ・ベイズの声音、あなたの心は和らぎます。非常に別に、カイロでは、暑い暑い熱さの通常の歌からすばらしい歌でもあって、故障を作るために素晴らしい結末も加えるが。このcdは、何時間も引き続いてあなたのステレオの中にあります。歌はそうこのアルバムを麻薬中毒にしています。そして、それがそうであるdefinatelyな価値はお金です。
5,「素晴らしい調和、大きな声、美しい音楽。このグループは、より有名で、非常に成功しているに値します」
1,「私がアントニーとジョンソン家について聞かされたという最初は、私にルーファス・ウェーンライトについて話した私のものの友人からで、全く素晴らしかった新しいアーティストの話を聞いていました。私は地元のバーンズ＆ノーブルでこのアントニーについて少し調査することをすることに決めました、そして、私が発見したものはとってもdissapointingしていました。私は音楽が上手に手段になって書かれて、全くよく階層化されるとわかります、しかし、アントニーの声は非常にすっかりトップで、偽です。偽物によって、私はビブラートの彼の使用を意味します。そして、それが非常に急速で、押しつけられて、羊のようで（自然でない）、出る道で使われます。プロの声インストラクターは、ビブラートを使う正しい方法が正常な速度であることを教えます：秒当たりの5～6つの振動。アントニーの「「訓練を受けました」」音のする声がこの領域でまったく訓練されないことは、明白です。私が非常に恐ろしいとわかるこのバンドと記録についてのもう一つのものは、歌への歌詞です。アーティストは、これらのwailingsの悲しくて痛みを伴う配達を使用して、彼自身の性で混乱したか残念に思っているようです。歌詞は引きつける力または関係を聞くことに保持しません。そして、それはこのため音楽自体の哀れでほとんど腹立たしい見方にリスナーを貸します。私の結論は、これが恐ろしい記録であるということで、そして、歌手が専門声レッスンを続行する必要があるということです...、そして、援助」
5,「聖どこか他の所は、クラブ・ビートのエネルギーをＣ-ローと考えさせる歌詞の魂のこもった［そして、時々切ない］声と結合します。私は、いろいろなスタイル［内省的な「「ただの考え」」へのfrenticな「「儲かるゴスペル」」から］を楽しみます。必須の購入」
2,「音楽は説明されることができます、そして、非常にタイトルそのものの通りの定義済みのかわいい子はただ「「古典的な」」について考えます。私は音楽がクラブによって年の後歌われている歌の歴史があるまさしくクラブ向きの人材になると仮定しました..私が見ることができないcdの大きい部分いくつかでesspeciallyにタイプ-oに…を投げているゴシック体「「クラブ」」材料としてそれ私多くのクラブです、そして、私は私が推量しないならば、ダンスフロアのその歌に…をぶつける私が誤っていた方法が…を置くとわかることができません。そして、それは私に彼らに見えます考えのうち尽きて、そして、誰でも聞く若干の主流を権力を乱用して彼らでそうあります、私は全部のcdで非常にdissapointedされました。あなたが珍しくもないことにいる、それからこれがあなたのためのものであるならば、あちこちの2、3の歌に合わせて聞きます..本当に私dont再共終わりまた、あなたが過去に吹き飛ばされることを望むどんなコレクションへのこのcdでも。」
4,「自宅に私のゴシック・クラブ混合物CDを残して、私はこれを買うことに決めました。最初に私を引っかけたことはバウハウスによる「「Ｂ・ルゴシの死者」」の生録音でした。そして、それは古典ゴート族音楽です。私が好きだったバンドの少し、少し、私はそうしませんでした、しかし、全般的に見て、これはすばらしいCDです。私のお気に入りは、2枚目のCDの「「シェリル」」です。これは、冷えるか、踊るか、音楽が本当にどんなゴート族であるかについて、無教育の多数に教えるためのすばらしいCDです」
2,「粋なヤヨの「「述部の重罪犯罪者のことを考えること」」はトニー・ヤヨが単に彼が誰であるか、わからないという事実で苦しみます（または、彼は誰であると思われます）このアルバムの上で。このアルバムを聞く前に、私はヤヨの犯罪の人生について砂だらけの、記述韻を聞くと思っていました。しかし、残念なことに、私は、あなたの多くのように、「「無駄口出納係」」のようなトラックに、「「奇妙な」」と「「プロジェクト王女」。」を調整しました「前科者（あなたがより多くの何かに期待している観衆に計画したいメッセージのタイプでありません）のために...中核;より良い何か。例えばトラックで、「「銃によって生活してください」」、そして、「「殺人」」ヤヨは「「より固い」」歌詞に対する私の前記の欲求を配達します、しかし、これらのようなトラックはほとんどないです。きっと、トニー・ヤヨは彼の次のアルバムのためにこうすることに集中することができます、しかし、今のところ、このデビューアルバムは単にdissapointmentです」
1,「私は、このアルバムが退屈であると思います。私はそれがdoesntであると考えます。そして、その職務をしてください。私は、リル・ジョンがなりたがりであると思います。私は、彼らが本当の仕事をぜひ得ると思います。私は、私が手に入れたあと、これが間もなく壊れたと思います。私はこれが大部分のCDプレーヤーで遊ばないと思います。私はカバーがばかに見えると思います。私はそれがYEAHを叫ぶために私に考えを与えたと思います！そして、WHAT！私の兄弟後で。私は芸術がばかであると思います。私は、私がこれを推薦しないと思います。私は、iveが十分に言ったと思います。私は、現在地獄に落ちているimを考えます。私は私がいずれにしろいたと思います、私は私と考える原因は私の魂を売りました」
4,「このアルバムは、65才で、チャートのトップに立った伝説による傑作です。ディランはextroadinary才能で、年齢と共によりよく借りを返すようです。あらゆる歌は特別で、彼の大器と作詞作曲能力を公開します」
5,「我々の家を塗装する間、私は昨年の夏この歌を最初に聞きました。新鮮な空気と太陽（そして、最近結合する）で外へ、この歌がすぐに私の注意をひいて、よりirrestibleになるようなだけで、で、毎週聞いてください。それが私が「「岩」」歌（コーラスの間）のいくぶん呼ぶと思うことである間、歌の切望の、熱のこもった愛要素を伝達するのはアレックス・バンドのボーカルです。もう、彼は、なんとかそれをただなんとかする代わりに、ロマンチックでユニークにしておくことができます適切な岩歌。私は、アルバムからチャドのバージョンも聞きました;チャドのボーカルが実はアレックス（両方ともなんとかあまり男性的で強いことができます）のものとそれほど異なる*that*でない間、私はアレックスの配達がそれを「「すばらしい」」歌にする間、チャドによるバージョンが「「よい」」歌であるのを感じます。チャドの声が他の歌のためにすばらしい間、この種の歌のために、それはあまりに横暴で険悪な音がします。女性の展望から、チャドのものが私を遠ざける間、アレックスのやり方はなんとか私に「「集まります」」ことを説得することができます！時々、1人のヴォーカリストは、歌を歌って、それにするか、壊すために、ただ「「意味されます」」。1999年から「「滑らかな」」について考えてください。ロブ・トーマスの配達は、その歌をそれがそうであったヒットにするのを助けました。この場合、アレックスは仕事のための完璧な男です。」
5,「アルロ・グースリー、タジマハールとティム・オブライエンのような民俗音楽シーン堅固派と一緒の子供の音楽の目立つセットはbluegrassersティム・オブライエンとロンダ・ヴィンセントによって加わりました、そして、ブルース・ピッカーKeb Mo、ガイ・デイビスとエリック・ビブならびにアメリカに関する文献国はロージー・フロレスのようなタイプします...印象的なラインアップ、確かであるが、よりよくできたスチールは、作詞作曲の質とそれのすべての実際の子供親しみやすさです。これは、本当に楽しいアルバムです！楽しい（中であって）小さい子供は、実はそれが好きかもしれなくて、あなたが彼らのためにそれをするならば合わせて歌いさえするかもしれません。「「ブリンブリン-Blang」」「「Bananaphone」」と「「おへそ歌」。」のようなたくさんの愚かな歌「「「赤、ヒメフウロ」」のように、何曲かの歌は元気が良いです;他は、「「人は、すべての動物に名をつけました」」、そして、他がまだ断定とコミュニケーション技術をモデル化するように、有益ですタジマハールが素晴らしく、「「あなたは、私を押し倒さないでね」」いろいろな子供が、不快な状況で自分自身で突き出ます。私はたいへんこのアルバムが好きで、今後とも末永く子供のためにそれをする予定です」
5,「あなたはこの1人のダニエルが大好きです、私はとてもあなたを愛していて、いなくて寂しいです。私は、1982年であった、そして、あなたがまだアーチー・バンカー・プレイスにいたことを願います。あなたは、劣ったものです、私は今後あなたの主な評論家であるでしょう。なぜ、あなたはその大きな声と舞台の才能をニューヨークに隠していますか。私は、円丘湾CAに鏡視力社記録のためにあなたを職場に置きたいです。私は、すぐに協力してあなたに会って、あなたが楽しい秋を過ごしていることを願っている予定です。私はしばしばあなたのことを考えて、常にあなたの明るい運勢を他の人に言います、私は、もっとあなたのことを考えることができたことを願います、あなたは私にこれまで会いませんでした、そして、私は、我々がよそよそしくなったということを知っています、しかし、あなたはまだ私の人生（まあおとうさんへのよろしくと私のためのおかあさん）のミステリーです、そして、私は円丘湾CAliforniaからあなたがいなくて寂しいです、（私は、あなたを愛しています、ベイビーは）garrを好きである」
5,「1975年に、ジョー・ジャクソンは、彼のchildrensの経歴をコントロールしているモータウン記録にあきていました。それで、彼は上に彼らを壮大な記録の方へ動かしました。新しく洗礼をうける「「Jacksons」」は、自分自身をCBS記録だけに証明する必要がなくて、彼らが生じることができた世界に、書かなければならなくて、妥当と思われる信憑性で彼ら自身の記録を実行しなければなりませんでした。それで、モータウンでヘンリー・コズビー、ハル・デイビスと、より小さい範囲で、ベリー・ゴーディーによってコントロールされる代わりに、彼らの手引きは、叙事詩によってPhilidelphia Phunk-専門家ケニス・ギャンブルとレオン立腹に手渡されました。彼らには、ごく少数に名をつけるために、テディPendergrass、MFSB、ハロルド・メルヴィンと青いメモで、成功のものすごい列とマクファデンとホワイトヘッドがいました。彼らはジャクソン家のオリジナル曲（スタジオに彼らを連れてこられる）をとりました彼らのフィリーmajikを働かせます、そして、ワックスの上でこれまでに切られる最も大きな魂記録の1つが訪れました。最初から最後まで、「「ジャクソン家」」は1つのPhunkified Phunkから、Phestが次の先頭に立つようにあなたをします。そして、「「楽しんでください」」から始めて、Phunkadelic「「生活のスタイル」」で達します。子供であったとき、私はこのレコードを聞いて、当初、「「楽しい時代」」がそのテレビ番組からのテーマのジャクソンの再制作であると思いました。しかし、それは純粋な遅いPhunkでした。Phunk-da-fied-（Phunkalicious）またはただただ無地のPhantastic、ジャクソンの壮大なデビューは、Phatです」
5,「私は68と長い間スチュワート・ファンです、これは彼のベストの1つです。問題が他の評論家と何であるかについて知らないでください」
5,「イアン・カーティスが彼自身の生命を中止させなかったならば、何が起こったでしょうか？私が非常に忠実なジョイ部ファンであるので、尋ねることは難しい疑問です、しかし、私はニュー命令の良いファンでもあります。私は、ジョイ部が1個の鉱石を記録したかもしれないと想像すると言わなければなりませんもう2アルバム、そして、バラバラにされます：順序がこれまでそうでなかったかもしれない新しいもの。それで、カーティスが自殺した悲劇的要素である間、それは方法に残りのジョイ部に対してニュー命令として効果的に自分自身を再発明する免許を与えました。バンドはJDと非常に異なります、しかし、「「力、腐敗があります」」、ニュー命令は最初です、我々は苦しくてカタルシスの期間の結果であったにちがいない突然の新しい創造力でJDのヒントを聞きます。    しかしJD材料の何も多分後のニュー命令ほどあまり働かないだろうより、このアルバムの音楽はより重く、拠点を置くシンセとドラムです。機械が彼ら自身のものに入ってちょっとあった、そして、今年がMIDIの発明がシンセその他のために連結するのを見た1983のシンセとドラムで、ニューウェーブ運動がようやく固められていた時でもありました。すべての歴史傍白、アルバムはすばらしいです：それは上向きで、ポピー・ダンス・トラックと本当のニューウェーブ古典でいっぱいです。「「憂鬱な月曜日」」（パーティーのような恐ろしいバンドさえそれから好感を持たれることができたほど良いトラック）のためにちょうどアルバムを買っているならば、あなたは本当の思いもかけないことに直面しそうです。あなたは、他のトラックの多くが同様にすばらしいとわかります。「「承諾年齢」」は、私の他のお気に入りの一つです。これは、ダンスのためのもう一つの大きなトラックです。また、「「ヴィレッジ」」は同様に大きなトラックです。あなたが2つのニュー命令を買うために行く予定になっているならば、アルバムはこれと物質を手に入れます。彼らが2、3のトラックを分けるが、彼ら両方はすばらしいです。私は、しかし、このアルバムがはるかにより多くの劇を手に入れるとわかります。これは必要なものです。そして、もちろんニュー命令のためにファンを持っていてください。しかし、また、ニューウェーブ/80年代音楽とジョイ部ファンのファンは、これも同様に買わなければなりません。このアルバムはそれほどの称賛を授与されて、それがそうでなければならないその20年の寿命にとても影響力がありました、どんな現代音楽のためにでも、あおいでください。私は、それを強く推薦します！－テッドMurena」
5,このCDは、家族全体のためにすばらしいです。歌は覚えやすいです、そして、あなたが知らない人の回りに彼らを詠唱するのを見つけられるならば、それはたいした事でありません！
2,「私は、このCDを手に入れるのが本当に待ち切れなかったです。私は、とてもとてもそれが好きにしたかったです。しかし－それは、ちょうど私のためにあまりにブルーグラスのようです。すべての歌。それは１、２の曲すばらしいでしょう、しかし、あらゆる歌は古くなります。さらに、レコーディング品質は、そんなにすばらしいようでありません。あなたは言葉をかろうじて聞くことができます、そして、大部分の子供は合わせて歌いたいです。ジェニー・ジェンキンズは、楽しい歌です、そして、Shenendoahはしばしば美しいが、子供とNOのためです！方法はよりよくできたCDである」
5,「私は、今日までまだアルバムを楽しみます。すべての歌はよいです、しかし、私は例えば他の人が持ちこたえるより二、三の曲聞きます ― あなたが心配する必要がない ― 行かないでください。これは、すばらしいアルバムです、私はそうしません売るか、すぐに取引することの計画。
5,改革運動者は、このディスクの上で素晴らしいです。音楽&装置は、終わりまで非常によくずっと動きます。溝&なめらかさは、これをまさしくComplete.thisグループが長い間悪かったということを記録しているようにします
5,「それがそれの上に名前エドウィン・マケインを持っているならば、私を信用しますその買うすばらしい製品。彼が書く歌は、心臓フェルトで、…で彼らを書くのに用いられるインクのあらゆるしずくに忠実です」
1,「素晴らしい『決闘』から続けて、『うまくいっている』アリソン・ムーラーの最新の解放は、大きい、大きい失望です。全く簡単に、『うまくいく』ことの資料は、弱くて、意気地がありません。『決闘』の華と感触を模倣するために珍しい出来事ムーラー・トライの上で ― 例えばハレルヤ&新年日に ― アールは、あなたがだまされると感じるほどの素人くさくて、歩行者で、細い生産で、材料から心臓を裂きます！ビジネスと喜びはめったに混ざりません、そして、ムーラーはこのリリースを長い、難しい見なければならなくて、次回、RSフィールドをまわりで再インストールすることに重大な考慮を与えなければなりません。ムーラーが燃えるギター溝を望むならば、運転するドラムスとそれからアールを魅了するボーカルはとても仕事のための男でありません。ムーラーは、どんなジャンル（彼女はすごい歌も書くことができます！）ででも最もすばらしい女性の声の1つを持っている素晴らしい才能です。このCDは彼女の能力のどれも公開しないで、すぐにバーゲンごみ箱に引き渡されなければなりません」
1,「私は、このアルバムのためのここの上の大部分の批評が彼らが他の誰も知らない若干の新しい驚くべきジャンルと音を発見したと思うので、特別であると感じる人々によって書かれるという感覚があります。あなたへのそれがからかう、しかし、これが鳴らすブレークへの憎しみは、90年代中頃から方々を見ています。それは中立のミルク・ホテルと呼ばれていました、そして、それはDecemberistsというこれらの詐欺師より非常に優れていました。あなたが私に同意しないで、海(1997)の上に飛行機で中立のミルク・ホテルのものを取りに行って、それから同意しないようにしようとする前に」
5,「カーボン葉の音は進化し続けます、そして、結果は傑出しています。非常に多くの影響と独創的な考えの変動する混合であるので、バンドは音楽のスタイルを「「定めます」」とするのをやめたと言います。過去には、カーボン葉はセルティック（ブルーグラス）とともにルーツのようなフォークロックの変奏曲をしました、そして、高度ポップは全盛です。この新しいアルバムは、しつこくて嫌になることなく人を引き付けて、表面的なことなくラジオに配慮している、きれいであるが、より印象的な、まっすぐなポップロック音に、もっと集中します。この焦点でさえ、優れた多様性があります：「「国際空港」」がジャズに面白半分に手を出す間、たとえば、「「ウッドのブロック」」は素晴らしいカントリーロック陽気で快活な調子を持っています。全般的に見て、これは、バンドの脱走アルバムであるに値する磨かれた宝石です。歌は、係合する（「「華やかさ」」「「ラブ損失望み繰り返し」」）ことから祝歌の（「「飛ぶことを学んでください」」「「快適さ」」）ものに深い（「「戦争は、色でした」」）ものに、ユーモラスな（「「女の子と彼女の馬」」）ものに、ひどく悲しい（「「ウッドのブロック」」）ものにわたります。伝染性のメロディー、衝撃的な調和、考えさせてしばしばビタースイート歌詞、美しい計装と無垢の、きれいに巧みに作られた作品を楽しむならば、あなたはこのアルバムが好きです。   たくさんのアコースティック・リズム・ギターがあります。そして、きちんと微妙なエレキギター・リフと一杯（テリー・クラークとカーター・グラバット）で装飾されて、殺人者リズムセクション（ベースのヨルダンMedasとドラムスのスコットMilstead）とマンドリン（グラバット再び）のいくらかのタッチによって定着します。このアルバムは、カーボン葉の初期のリリース（ゲストの音楽家ティム・ラウアの好意による）のいくらかより少し多くのキーボード作業も持っています。それのすべての上に急上昇することはリード・シンガー・バリー・プリベットの明瞭で、よく響いて、時々催眠声です。そして、また、その人はバンドの歌詞の全てを書きます。Gusterによる「「太陽に対抗して団結すること」」とともに、これはここまで2006の私のお気に入りの発散です。カーボン葉の新しくて長年のファンは、「「愛、損失、望み、繰り返し」。」で非常に祝わなければなりません
4,私が1つの合法的なヒットだけでグループから最も大きなヒット・パッケージについて好きである1つのことは、あなたが決して彼らにあきてこないということです。3つの最も大きなヒットがパックするTimbukは彼らの音楽を楽しみ始めるための良い場所です、そして、あなたはラジオで100万回聞いた歌を聞くことにあきたようになりません。最低1つのすばらしいウェブサイトがあるのであなたがバンドseachに関するより多くの情報をウェブにしてもらいたいならば。あなたにはseachにいるこのCDと活気のある人を買った後に、使い古したごみ箱と私は、エデン路地をアルバムに強く推薦します
5,「このサウンドトラックは素晴らしいです。cdを聞くとき、私がスキップする一つの歌も、ありません。おなじみでなじみの薄いアーティストが歌う最近と以前の歌の混合は、すばらしいです。アニータNalick、価値がアルバムの価格であるならば、呼吸してください（2a.m。）。」
5,「オンライン海賊行為があるときニーズがそうする人は誰でも追加現金を使うので、私はそのような長い間の間アルバムを買いませんでした？しかし、私はこれを所有しなければなりません。ファインスタインの声はとても純粋で、融通がききます;彼は瞬間と次でおかしいです、彼はとてもうんざりするほどほろ苦くありえます。彼のパフォーマンスは最高です、そして、人は彼が生のコンサートでとても上手に歌うことができると考えなければなりません。
4,「私は100枚のクリスマスCD（それは趣味です）を多分持っているでしょう、しかし、私はこれが「「露骨な歌詞」」警告による唯一のものであると思います！これは、ちょうど「「脂肪質のクラウスが来た」」という「「sh*t」」語のかなり突出した使用を特徴とした1曲の歌のための前部です。私にはかなり若い子供がいて、その歌なしでCDのコピーを燃やしました。彼女は、それが好きです！CDに関しては...それは、かなりよいです。ウォーターズは、なんとか異様なクリスマス歌（私がわかる限りユニークな何か）の最高を集めることができました。    しかし、CD ...歌がよいことは、ただの目新しさでありません。これは、意図的なキャンプでありません...チビの例外が歌の時間を計ることは、MAYBEによる誠実なものです。（それがウェルダンであるので、私の娘のお気に入りの1つ。」
1,「まるでFiddyセントが私に若干の骨を折らせるのに十分でないように、Kayne西側のこの恐ろしい傾向が入って。言われるためにそこにあることは、そんなに言われませんでした？何もない、本当に;私の仕事は、すべての一つ星の評論家によってされました。私が言わなければならないすべては、このラッパーが遅かれ早かれ宇宙から消えて行くといいのですがということです。よくできたラップが欲しいです？トゥパック（R. i. P.）または社会の敵を呼びに行ってください」
1,「大部分の人々は、これをチープトリック"仕返し"アルバムと考えました。事実の16年後に、私は、それがその代わりに"試み-後ろ"アルバムのより多くとしてランクされると認めることを強制されます。チープトリックが音楽界を大部分の彼らの80年代の解放で燃えたように設定しない間、私が何か彼らのアルバムの1曲について言う良いことを活発に捜さなければならなかったのは信じられないくらい標準以下のリリース"の上で"博士凝り固まっている悪化まででありませんでした。"の上で、" I博士は捜したが、空にやって来ました。贅沢な"の"ひざはまだそんなに悪くありません、しかし、リリースがあとに続くことは悪いトーンをセットしました。私は長年にわたって何十ものチープトリック編集をしました、そして、"された試み"は私が（爆笑）の離れて含めた唯一の歌でした。80年代と90年代前半に各々の以降のリリースで私を一貫していらいらさせたものは、これがどのようにトリックを彼らの揺れるルーツに戻したアルバムであったかについて言って出されたプレス・リリースでした。よく、あなたに言わせてください、これはそれから遠いです。わかってます。私は覚えています」
5,「ダンZanesはすばらしいです！私の夫と私両方は、我々の20ヵ月と同様にこれを聞いて楽しみます。私が聞くビットの後で少しイライラさせるとわかる息子にはある大部分の他の音楽CD。ロケット船ビーチは、楽しい、家族の音楽です！私は、これをすべての年齢に強くゆだねます」
1,「わあ!!!これは、恐ろしいアルバムです。私はどこの出身であるかから来て本当に楽しんだので、私はよいことをこれにちょうどここで期待しました。誤り。タイトルトラックの上でＡ・ハミルトンが社会的に潜在的にいくつかでポジティブになること-良心歌詞、それから、彼は、祈ることについて話し始めます。もちろん架空の心のカルト人々は心配しません、彼らは彼らがただひざまづいてとどまるならば、神話の不思議な人々が空から出てきて、すべてを固定すると思います。4曲の以降の歌は、イエス歌の上でいっぱいです。人々は彼らがいかなる理由であっても不快であると考えるアルバムのためにレーベルに警告する必要があります、しかし、彼らは何らかのカルト警告を必要とします。私がそれが若干のカルト混乱に関してあるということを知っていたならば、私はこのCDを購入しなかったでしょう。「「伝道者の娘」」に、彼は「「彼女には常識があるように、伝道者はdaugherです」。」とさえ言います「私はそれが冗談であると思われるか、よくわかりません、しかし、常識は1人の魔法の人々がうわの空に生きないとわからなければなりません。そして、「「私を候補からはずしてください」」彼がイエスが彼に新しいものを与えると思うから、猫がただイエスを待ってそこに座っていて、角氷に彼のすべてのものを与える角氷の致死量の注射のその二部スキットの私を思い出させます。しかし、Ａ・ハミルトンは、それをただそこに座るために前向きなことのようで、神話が現実になるのを待たせようとします。人々がこの種のふるまいがその人の個人的な問題または世界問題の本当の解決であると思うならば、私は、個人としては、完全な欠如を我々の将来または候補についてそこで非常に心配します。それは、非常に危険な心州です。「「Sista大きい骨」」はよくできた歌です、しかし、それはこれを購入する価値がありません」
4,「Ab Fabからの泡は、正確にマリリン・モンロー、ビリー・ホリデー、ジュディ・ガーランドその他のように聞こえます。なんと才能だろう。彼女は、彼女自身のラスべガス・ショーを必要とします。彼女は、向こうに偉大でしょう！
5,「たくさんの正と負は、それがようである彼らの前の仕事に、比較センスでこの記録について論評します。正直に言って、私は、終わりまで3回それを聞く前に、バンドにおよび／またはそれからいかなる人事異動も知りませんでした。はかなさは、本当の取引です。どうぞ！5つの星。」
5,「私はそれらの人々の1人です。そして、誰が本当にそうしませんでしたか*know*ベックについての何でも。ああ、確かに、私は彼のヒット ― 「「敗者」」、「「肝心なこと」」、「「新しい汚染」」ら ― を知っていましたジャストは、あまり人のことを決して本当に考えませんでした。およそ3ヵ月前、私がダウンロードしたとき、…まで、一組はこれからNapster2Goからアルバムを追跡します...」「Eプロ」」と「「女の子」」。彼らに2、3を与えることが聞いたあと、私は長くその後でないGueroアルバム全体をダウンロードしました。私は、それが多くの他によってすでに言われなかったと言うために、それがそうであったhere-が2005年のベストの1人でREASONを可決したということを知りません。これは、AWESOMEアルバムです。私がしたlooongロードトリップの間に、私のつれあいのためのトラックのいくつかと彼は、徐々に麻薬中毒にされました...「「地震天気」」から始めること。現在、それはこのアルバムだけでなく我々のうちの2人のためのかわいいずばぬけて全てのベック・カタログでもす：）私が始めた歌さえあたりを「「まあね」」BIG TIMEを私（そして、夫）の上でしました。ただのすばらしいアルバム...音楽的才能は進行中の点です、そして、ベックは強いユーモアセンスを確かに、皮肉の好ましい経験を混ぜ合わせておきます！STANDOUTS（少なくとも我々の意見の）であるトラックは、Eプロ（アルバムへの大きなキックスターター）です;Queオンダ』Guero（「「ねえ！Guero！」」ランダムな叫びとともに、ローライダーがずっと角をはやすLOVE）;女の子（人を引き付けて、…はこんなに打たれるHUGEでなければなりませんでした...）;地震は風化します（心につきまとうメロディー、大きなリフ！）。そして、地獄が賛成です（はい！）;そして、私はレンタカーが本当に好きです、...ほんのかわいい小さい歌 ― あまりに不足して ― ...また、人を引き付けるリフと詩句！DOは、このアルバムをチェックします。絶対に宝石」
5,「このアーティストが前の田舎の音楽家から明らかに絵を描いていて、"「「高度国」」は本当に制限的な説明（それでもやはり正確な判断の基準）であるでしょう。しかし、間違いをしないでください、これは同じ年をとった同じ老人を通してのつまらない作り直しでなくむしろ特別な現代音楽です。私は通常、弦をはじいたようなものより用心棒に向けられます、しかし、これはただとてもよく書かれて、手続きとこの女性缶SINGの上をおおっている異なった憂鬱なクラウドで人を引き付けます。その指定に値する少ない最近の音楽家の1人」
5,「デイビッド・ローリングズの深い衝撃が私の音楽コレクションに「「O. C. M. s」。」を生じたあと、「「大きい冷酷な世界」」の私の予約がかなり高い予想で訪れました。私は昨晩メールでそれを受けてから3回それを聞きました、そして、それが「「ワゴン車輪」」の即座の持久力でトラックを身に着けないけれども、「「大きい冷酷な世界」」はいくらかの素晴らしく不意に手加減します。彼がOCMSの生の幕を捕えないけれども、で、それは最もいっぱいです（そして、本当に誰）、生産がOCMSが確実性で、彼らの「「昔の」」音楽を現代の地域に押し込むと主張するためにもう一度管理するローリングズのものは、品がないもののヒントなしで、人工的で、仕掛けを過剰生産しました。そして、他の新ブルーグラス記録で聞こえます。   「「大きい冷酷な世界」」は、歴史に動けないアルバムまたは過去の成果の刺激に目を向けることでありません。「「大きい冷酷な世界」」で、OCMSはそれ自身の音をもう一度示します。そして、前にブルーグラス/郡/岩/パンク/の人々の範囲を押します、その一方で、その敬意を払って、ウディ・ガスリーの寓話、Muleskinnerの選択とディランの60年代後半のアルバムを思い起こさせます。さらに、「「大きい冷酷な世界」」の歌は、職場の完全な主部から成ります。各々の歌が次を補って、親連邦、「「組合のメイド」」と素朴な「「ジェームズ・リバー・ブルース」」は、全体として働くアルバムのきわだった曲です。OCMSのアルバムの全てと同様に、「「大きい冷酷な世界」」は、同程度の年齢のアーティストによって出される大部分の他のアルバムへの比較の新鮮な空気をすうことです。彼らは、多数のジャンルのファンによって楽しまれるために、歌のすばらしいコレクションをまとめました。」
5,「断然、これを描きます、JB収集からの私のお気に入りのcdが…で3部を持っています...家のための人、車のための1と彼がコンサートの一つで私のために個人的に署名したもう一つ！彼のファンで彼がＴＶ会談に現れた時から、1997年後半に示して...我々の毎日の忙しいスケジュールにもかかわらず、彼の音楽は我々を落ちついていて、リラックスできて&、平和である場所に常に戻します...、我々には小さな子供がいる今、彼らさえ彼の音楽を聞くのに慣れています。そして、それは就寝時刻をさらにより甘くします！:)
1,「あなたは、正しく私をからかっているようになりました？実はこのアルバム5を与えている民族は、きらめきます。大当たり人々は、それさえおかしくないほど盲目です。これは、すべての商業化されたゴミです。E-40のすべては現在この「「ハイフィー」」先端にあります、lmaoに、それはどれくらい最低ですか。ハイフィーはまっすぐに最低です、歌詞には概念がありません。そして、とてもこれまでにどうですか。無意味なすべて。生産、かなり然り、すべてのこれらの商業化されたアルバムは、生産（このアルバムのような）を得ました。しかしまた、歌詞はどこにありますか？   これは、あなたがそこに座るそれらのアルバムの1曲とそのようにビート/フックlolのため、ONLYです。私がtheyreブラインドを言ったように、この種の音楽dontを聞く人々は本当のヒップホップが好きです。大きいヒップホップ・ファンをarentする人々、私、dontはあなたを聞いたことで非難します、すべてあなた以外の、ヒップホップであると主張する民族は、あおぎます、ここからのf***、あなたaint。   あなたがぜひともこれから離れて地下STAYが好きであるならば、このアルバムは商用ラップ・リスナだけのためです。その代わりに若干の本当のHipHopを拾ってください。平和。
2,「このcdを最初に買ったとき、私はそれが本当に好きでした、しかし、大部分の他のcdのものとは異なり、それは時間とともにより悪いようでした。2-3ヵ月後に、それはちょうど私の引き出しに位置していました、そして、彼らが殺人者を演じたとき、私は自分自身がラジオで駅をスキップしているのに気づきました。彼らが私が彼らが全く偽であるということを知っている今週の週末、バージン・フェスティバルで生きるのを見た後に、彼らのcdは穏やかならであるだけでなくて、彼らはこれまでで最悪の有効なバンドである。これの上であなたのお金を除いてあなた自身の願いをきいてください」
5,「私が長い夜を大きいコンサートの後車で帰らせるとき、      私は、静かで心休まる何かを聞きたいです。THE PIZZA TAPESは私のお気に入りの静けさの1つです、そして、選択を落ち着かせて、それは音響の妨害と啓示を受けた演奏の甘い傑作です。1993年2月の2日の間に、ガルシア、グリスマンとライスは、何曲かの曲でまわりでバイオリンをひいて、彼らがどのようにテープに出たか見るために集まりました。お分かりの通り、記録は悪名高い「「ピザ男の子」」によって盗まれました、そして、すぐに、彼らは恐るべきグレートフル・デッド・テープとCD取引コミュニティの資産になりました。数年後に、グリスマンは記録のマスターを新しいものにしました、そして、出されて、最高はこのアルバムを積み込みます。これは電気的なジャムのアルバムでありません、それはむしろ即席で、静かで、おおらかです。一部の人は、それを「「バックグラウンドミュージック」。」として退けるかもしれません「しかし、あなたがクローザーを連れて行くならば、聞いてください、トリオはそのような技術で伝統的な曲とボブ・ディラン曲とガーシュイン（！）曲を取り扱います、平凡であるか虚偽の証明書がどこにも見つかるためにほとんどありません。ガルシアはあちこちで大失敗します、しかし、それらの間違いさえ聞く喜びです。確かに、古典アルバムと幾分私は、予想で受けました。私はまだこれをつけて楽しみます、そして、それは連続したlisteningsで良くなります。ところで、私は、芸術... CDケースが作られるカバーにピザ・ボックスに似ていて欲しいです。それを開けてください、そして、ディスクはすべてのトッピング入りのピザ・パイです。後ろに、若干の香辛料のきいたアイテム（ガルシアからの優れた言葉！）を含むすべての楽しみのメニューは、ありますアルバムを聞いているとき、私は実はピザの熱望を得ます。PIZZA TAPESは、確かに1曲のおいしいアルバムです。すばらしい音楽とすばらしいピザ、なんと勝利を得た組合せだろう！」
2,「どうぞ。リック・ニールセン、「「私にすべてを話してください」」！なぜ、きみたちはテッド・テンプルマンのような哀れなプロデューサーに大きな仕返しLPでありえたことを生じさせましたか？『私のギャング』でファンなりたがりをだますならば、詐欺師が雇用されてとどまりそうであるならば、あなたは将来これより良いef-砦を祈願するためにニュースを広めなければなりません！『あなたは、私がしたいすべてです』、そして、タイトルトラック、で、それは「「ママとパパ」」コーラスで、『降伏』のためにいくらか涼しくてレトロです－現在、mar- riageは破綻をきたしています！この不名誉の後チープトリックのca- reerが好きにしてください！それは、あなたを『泣き虫』にするのに十分です。…。ブラントを戻してください！」
1,「私は、このアマゾン・チェックに基づいてこのディスクを買いました。このディスクは、なんと主要な期待はずれであるでしょう。アマチュアをEmbarrasinglyしてください、キーボード・ループ・ドラムスとキーボード・バスと、これらが同様に有名なプロのレゲエ歌手であると思っていることは難しいです。子供たち（音楽（たとえば、シリーズがそうである目立つPutamayoは、フリル（黙っているダウンでない）を示しませんでした）で子供を完全にはひくために明らかに必要でない何か）のための"黙っている下の"音楽のもう一つのケース。良い"子供たちの音楽"は両親と子供を奮起させます、そして、子供は彼らの両親で明らかにそれに反応します。$...をこのディスクに対する代金として払う恥」
5,「私は私が「「プッシュをけります」」と1番目に聞いていたとき、彼がそのような隠喩の作詩者であるので、この人が何か話すことを本当に持っていたと心の中で思ったと言わなければなりません、そして、彼の配達は非常に強いので、私はループに大失敗のデビューアルバム「「食物と酒」」を買わなければならなかったということを知っています。始めから終わりまでこのアルバムを聞いた後に、本当に、このアルバムが数人のラッパーがまだ向こうにいると本当に知らせたことに失望するまだこれらの他のMCが車、服、宝石と女性以外の何についてのそのドント・ラップでもあると聞いている代わりに、我々が日常生活で対処する問題のまわりに韻をけっているすべてで、私がいるというわけではありませんでした。私は、このアルバムがあなたの目を人生における多くのものに開けるので、本当のラップのファンである誰にでも、このアルバムを推薦します。私の5本のお気に入りのトラックは以下の通りです：1.」「涼しさ」」－この歌は基本的に、死んだ（文字通りでなく）青年についてです、しかし、彼は生命に戻って来て、改良をしようとすることができました、しかし、同じ方法で人生を送るほうを選んだと同時に、彼は一度前にそれを送りました。歌はまさしく比喩で、深いです。2.」「彼は、彼女が言うと言います」」－この歌は見える父がDOESNTにいる男の子についてです、そして、それは深く彼に影響を及ぼしています。3.」「傷つくME魂」」－あなたがラップ・ミュージックの中で地位を下げられている女性から考えることができるどんな問題、薬取引、ゆがんだ警察、黒人の人々に福祉を提供していなくて、ヘルスケアに不当な要求をしている政府、ジョーンズと売春婦について、この歌は、ちょうど話しもします。歌は、非常に素晴らしいフックも持っています。4.」「日光」－この歌は、彼がそうでないクラブEVENTHOUGHに恋するこの女の子についてです彼が抵抗することができない愛のために見えますこの女の子と一緒のそれ。5.」ループの立場からそれにジェイ-Z-非常に素晴らしい概念を特徴としている「圧力」と一つの大きいジェイ-Zも風を送らないEVENTHOUGH IM、彼はまだ素晴らしい韻文を置きました。助けになって、私が好きである他の歌は「「ただＯＫかもしれません」」です、「「DAYDREAMININ」」、「「プッシュをけります」」、「「GOTCHAに私」」」」」と「「アメリカのテロリスト」」。私は、それがまったくあなたを失望させないので、本当のラップの本物のファンである人は誰にでも、このアルバムを推薦します!!!!
5,「私は、十分にあまりこれを評価することができません。それは確かに彼の最後のカップルと静脈の中にあります、しかし、度々注意されたように、それはより政治的で社会的な解説でいっぱいです。一部の人は、その結果、ものに先行することが少し2つ未満であるのが好きです。私はその反応を持っていると思っていました、しかし、結局、私は社会的に意識的な要素が驚くほど非常に魅力的であるとわかりました、そして、ロドニーは彼のより個人の洞察でよく彼らを混合します。そして、それは結局は最終的に優位を占めます。また、社会的な解説に集中することは、かなりの数のこれらの歌がただ多くの楽しみ（彼が悪名高い赤玉爆竹でした素晴らしいことのわずかにより怒ってより内省的なバージョンのような）であるという事実を不明瞭にすることができます。ところで、このアルバムが好きであるならば、あなたは本「「赤首& Bluenecks：」を拾いたいかもしれませんカントリー・ミュージックの政策。」「それは、あなたがラジオで聞く国だけでなく代わりの国とアメリカに関する文献についてでもあります。そして、ロドニーは本を通して顕著に現れます;全部のセクションが、ちょうどこのアルバムについてあります」
1,「週ごとをするように、私は熱いビルボードをここ100年見ていました、そして、私が行動していた歌がそうであると気がついた1ポイントで、「「私と挽いてください」」かわいいリッキーによって。私は歌についてこれまで耳にしませんでした、そして、それを聞いたあと、私はまだ歌について耳にしなかったことを願いました。私は何が省略なしのアルバム（Bluestars）を聞くために私を所有したか、わかりません、しかし、私はしました、そして、よく、私はCDを十分に速いステレオから取り出すことができませんでした。彼がすべてのこれらの五つ星のチェックがグループの通りチームまたは何かにいる人々からでなければならないと言ったとき、私は評論家ハキームに同意します。かわいいリッキーは、4人から構成されています：3人のラッパー（超大作、ダイアモンド「「ベビーブルー」」とすべりやすい部分－そして、私はゆるく「「ラッパー」」という語を使用します）と1人の歌手（喜び）。このアルバムに関する問題はそれです。そして、これらは最も才能がないANDが笑い草にする最も角のものです。そして、私は耳にされてこれまでにそうしました、そして、それは恐ろしい組合せです。「「私と挽いてください」」という鉛の片道は「「私で粉を挽いてください」」と本当に呼ばれています、そして、私がこれまでに聞いたことは最も汚いものの1つです、しかし、「「劇場」」は遅れていません。そして、「「数だけ」」はとっても法令によります。また、悩ますことは、「「私で粉を挽いてください」」こと「「あなたを愛していることが間違っているならば、私は正しくしたくありません」」ように、旧式の歌詞の彼らの使用ですまたは、「「グリル『エム」」の上で「「lyin』であるならば、私は飛んでいます」」（とにかく、それは何さえ意味しますか？）。人々には、特定のアドリブ（「「後ろから！」」のような）を絶えず叫んで言う習慣もあります「「「少しより近くなってください」」こと、そして、「「はい！」「「「あなたの体」」の上で。また、喜びの歌がHORRIBLEでない間、それはそのようなすべての最低のラップの後聞くのが難しいです。実は、「「ちびが、鉱山です」」こと彼のコーラスが、あなたにDISpleasureをもたらすことは確実です。その歌といえば、人々がセックスについて話さないとき、ものは等しく印象的でありません。そして、「「決してあなたに行かせないでください」」こと似ている、「「あなたなしで生きることができません」」、そして、義務的ブリンブリン-blingin』歌「「シボレー」」と「「グリル『エム」」。しかし、長い目で見れば、私は誰ももはやかわいいリッキーが好きでないので、そのようなものすべてが重要でないと思います、そして、私の兄弟が言ったように、彼らはウェンディーズで働くことに現在多分帰るでしょう。再びBluestars CDに出くわすならば、「「あなたの体」」の言葉で、ちきしょう、私はそれに暴行を加えます。アンソニーRuper」
5,「わあ...、歌のなんとすばらしいコレクションだろう、素晴らしいアルバム。私は教会のファンです、しかし、たとえ彼らについてこれまで耳にしなかったとしても、あなたはこのディスクが素晴らしいとわかります。私は、decribeに言葉で歌を困っています。私の唯一の残念は、これらの歌の演奏のDVDがないということです。私は二階に行って、一晩中、それを見ます」
5,本当に、よくやった。これは、とてもよく巧みに作られたCDです。6日は、多分ここで最高の歌であるでしょう。注：彼らが大当たりの車がそうである会釈を待っている歌       あああぁ－砂
2,「私は自動車のCDプレーヤーで遊ぶことができなかったので、私が得た選択の余地だけは私の家庭用DVDプレーヤーを用いて自宅で聞くことです。」
1,「私はこのcdを聞いて、また、アマゾンの上で帰りのジョン・フォガティの長い道のdvdを見ました。何も、予感のDvdを彼のものと比較することができません。私はそれが愛と認めます。そして、それはそれをつけて、私に岩を外へ、生命の彼のプライムタイムに最高の芸能人の1つで作ります。彼が演奏するギターと楽器は、大器の伝説を見るためにものすごいです。彼の声は、とても素晴らしくて&、明白です。ジョンの予感dvdが遊んで、一部の友人を招待しました。それは、歴史で我々全員をその時間に戻しました。彼ら全員はアマゾンへ行って、予感を買いました。私は、すぐに、彼ら全員がいないだろうということを知っています。私は、合理的であるように、価格がそうであるより多くの1つを買うために戻りました。私が予感がコレクターのdvdであると考えて。あなたならば、もう一度それを見てください。彼らが利用できる間、それを待ち買物にしないでください。私は、知っていますその大部分のdvdsが今日であるような輸入。私のものは、オーディオと絵で素晴らしいふりをします。あなたは、ジョンが行って観衆に位置しているように感じます。予感に10の星を与えてください。dvdがそれと比較することができないジョンの予感の後の何でも。どんなに固くても、彼らはCdまたはdvdの上で彼の音楽を戻そうとします。予感は、時代の全てで最高のdvdです。すべての残りは、ためすために、1つの星を手に入れます。私が呼ぶものの近くに来ないけれども、私のコレクターはジョン・フォガティのPrmonitionのエディションdvdです。
2,「全くアマゾン・ドット・コムの上でショパン・ソナタのほとんど抜粋を聞かないことは私に明らかにしました－私は残りを聞きたくありません。たとえば、スケルツォ（2回目の運動）をとりましょう。ラング・ラングは、「「少し遅い」」だけでなくが、二回少なくとも同じくらい遅くもある中央のエピソードを行います。ところが、得点をのぞくならば、あなたは著しく異なる絵を見ます ― ショパン（作曲家！）がテンポ変化のために尋ねなかった ― 彼はヴィヴァーチェで決して非常にキャンセルしませんでした。残念なことに、パフォーマーがものをあちこちで変えるとき、それは非常に一般的であるので、それはいわゆる独創的で「「深い」」ようです。そして、むしろそれから、注意して作曲家のコードを読んで、わかって、それを理解しようとします。私は、ショパンの才能と決して既存の美人の頭上に彼らの自我を置く人々でないのを信用します。     
2,「私は、dontに、誰かがどのようにこれをアルバムと呼ぶことができるか見ます。これは、ミックステープです。リル・ウェインは、全部のアルバムを通して基本的にfreestyledしました！ビートは穏やかです、そして、ウェインのfreestylesのごく少数はきついです。きわだったfreestyles：MOBB、私の心に関するお金、消防隊員、そんな、ヒットEM'UPとIM A DBOY。詰め物freestyles：射手、受領、成人は私、詐欺師音楽、月がその他を焼くような気がします。ロックと荷は退屈なトラックです、そして、Kuruptはフック（なんてこった！）にささやいています。彼が上に向かう北のファングループを手に入れようとしていたその明らかなことは、このsを買います。彼に5つの星を与えた大多数の評論家は、上に向かう北から来ます。ほとんどウェインの最高のアルバムは、消灯とカーターでありません。彼の最悪の事態のリル・ウェイン：ブロックは、暑いです（500度とTHE CARTER 2）。」
2,「私は、彼らが通常否定的なfeedback/unhelpful票だけまたはどんなものでもだけ得るので、アマゾンの上で否定的である批評を通常書きません。それで、私はできるだけ公平にしようとします。私は、「「私は、あなたの部下です」」というレナード・コーエンの編集を手に入れました、そして、驚くことはこのあります、素晴らしい解釈、「「それがあなたの意志であるならば」」そのアントニーはします。それはこの記録に関する私のお気に入りのトラックと大方の全部のレナード・コーエン賛辞コンサートでした、『美しさのためにここまで来られる』ものは本当によい『です』。「「それがあなたの意志であるならば」」魂のこもった声と私がそれが何度もタイトル言葉を述べて悲しげな音をたてている背景ボーカルと彼と終わりまでinselfを造った方法が好きだったほどのもので実行しました。それで、私は図書館に行って、アントニーによってこのデビュー記録を借りるために、1ヵ月待ちました;それはチェックされるか、常に予備の上にありました。はい、それは同じ声とイエスでした ― 私が言う ― アントニーは非常に面白くてさらにいくらか美しい声をしています。アルバムのそでは、最初は私を延期しました（そして、そうし続けました）。私は、そのカバー芸術（たとえば、その完璧な23の封筒スリーブで、この死を免れないコイルの『サイレンへの歌』をチェックしてください）と共に音楽をしばしば置く誰かです。それで、私は2、3回このアルバムを聞いて、私に実際に、しかめっ面をして、しりごみさせた愚かな歌詞によって延期されました。「「爆発している出し惜しむ小さいなんとかを私に押し込んでいるmrの筋肉...「または、「「私はとても非常に幸せで、それで、お願いします、私を殴りました」」、または、「「悲しみの川、のみこまないでください」」、または、彼が「「薄明かり」」が知らない語を言う息が漏れる方法で、それはちょうど少し不快になりました。それで、私が記録が好きでないようでした。   そして、私が2005年に新しい音楽についてエルトン・ジョンとINTERVIEW誌の記事を読んで聞いて、彼はアントニーの第2の記録を称賛していました。それで、私はそれにもう一つのトライを与えて、3曲の曲の後で、もうそれを取り扱うことができませんでした。彼が歌うcdともののイメージまたは言葉の彼の提出は、それを損ねます。多分、彼がちょうどレナード・コーエンのような詩人によって歌を歌うならば、それはよりよいでしょう？エルトン・ジョンの論文では、アントニーが性的関心（それを私は歌詞から集めました）のことをたいへん歌う、そして、「「あなたが私が好きでないならば、または、あなたが私があなたに示しているこの嘆かわしい人生に引きつけられないならば、それはあなたが同性愛者の/性転換された人々が好きでないからです」」と、ほとんど言うそのような感傷的な方向で、性的関心を提示すると、彼は言いました。私のケースでは、それはさらに真実からでありえませんでした。私は、誰にもこの記録を推薦しません、しかし、それを人々に言うとき、私は「「それがあなたの意志であるならば」」いくらが好きだったか言わざるを得ないです、そして、私は彼の単独の努力においてなんて失望したでしょう。」
2,「音は、ただ私に言わせれば最後の記録に合います。常に大きなバンド、準備と、天災、古い車、黄塵地帯、アニー、フラニー、サラ、ラスと彼が追いつくことができるどんな他の古いtimeyナンセンスの絵でも描こうとして、まだボブのもの、混ざることを持っています。神は、彼に恵みを与えます」
1,「私は、他の人が何を述べたかについて、気にしません...サバタはLP能力、いつでも叫ばれるマリア、pianissimisにでなくフィットするためにオペラを急ぎました、そして、彼らがアルバムにフィットする時間にレコーディングを終えなければならないように、誰でも満たされる素晴らしいハイでした。最高のToscaは、プレートル記録をもつマリア・カラスです。このモノラル記録を買わないでください。マリアは、Toscaがこの瞬間の間、誰であるか理解しませんでした」
2,「おそらく、私がこれまでに聞いたバンドの最も笑われるほどにひどい名前であることを持っていることを除いて、これらの人々は、私のためにただ本当にそれをしません。多くの音楽はかなり適切です、しかし、歌手はちょうど信じられないほど腹立たしいです。現在、私は確かに声の完全に関するやかまし屋でありません、しかし、この男は本当に悪いです。むしろ聞くカラオケ・バーで、酔った人々の声が聞こえました。    しかし、私が言ったように、バンドは全体的に完全にひどくありません。彼らは礼儀正しい音楽家です、そして、私は多くの音楽が好きです、しかし、私はその歌手をただ本当に説き伏せることができません。通常、バンドを彼らの名前で判断することは、良い考えでありません、しかし、うーん、…はこんなにそれらの時代の1つでありません」
1,「おそらく、lucindaがそのような高い予想を生むので、それは少し不当です、私が、作詞作曲がそうであるこの記録に、本当に失望した、弱くて、歌は弱いです、そして、準備は音楽を切らしているすべての人生でけられる何かを鈍くすることです－歌がすべての同じことであるというわけではありません、しかし、何かの理由で、彼ら全員は同じことを鳴らします－そして、気恥ずかしいほどに、1人が聞いたあと、あなたは彼らの最も歌うことができます、彼らはとても単純すぎて月並みです」「おそらく、lucindaがそのような高い予想を生むので、それは少し不当です、私が、作詞作曲がそうであるこの記録に、本当に失望した、弱くて、歌は弱いです、そして、準備は音楽を切らしているすべての人生でけられる何かを鈍くすることです－歌がすべての同じことであるというわけではありません、しかし、何かの理由で、彼ら全員は同じことを鳴らします－そして、気恥ずかしいほどに、1人が聞いたあと、あなたは彼らの最も歌うことができます、彼らはとても単純すぎて月並みです」
5,私は、エイモス・リーからこの新しいCDが好きです。    最初のシングルは、声に出して叫びと表題をつけられます。この歌は、私をすばらしいムードに本当に入れます。彼のギター演奏は、ここでとても精力的です。しかし、私のお気に入りのトラックは、痛みのロング・ラインです。それは、個人の損失と孤独についての美しい歌です。もう、同情してこのディスクのハイライト。エイモス・リーの微妙な声は、彼らの運を嫌っている人々への同情で満たされます。南部地方の女の子は、南からの女の子の魅力に対するエイモスの賛辞です。夜行列車は、非常にかわいい愛の歌です。スキップしている石は、最愛の人の死亡の後進もうとすることについてのブルース調の音のする歌です。自由は、面白いトラックです。自由の追求が暴力につながるべきでないことは、リマインダーです。この歌の歌詞は、真実で、引き起こすことを考えました。スイートピーは、特別な誰かの胸に迫ることについての単純で甘い歌です。友人の裏切りについての優れた歌は、不注意です。私は、このトラックでエイモスの声で苦痛の損失と感覚の感覚が好きです。   供給と需要は、優秀な若い音楽家と歌ライターによる非常に面白いCDです
2,「私はこれらのCDをいくらかのチェックに基礎をおいてもらいました、しかし、私は歌をすることができません。歌っているあまりに多くの小さい子供がいます、そして、大人はよりよくありません。それは、あまりに見かけ倒しのWAYです。あなたがただ伝統的な歌がうまく歌われることを望むならば、これはあなたのためのセットでありません！私は好きである歌をコピーして、私自身のCDを製造するつもりです－私は2曲の曲が多分、私が使うCDにつきあるだろうと思います！悪い」
5,「もう一度、オードラ・マクドナルドは、彼女がストレイザンド以来最高の音楽の才能がある劇場歌手であるということを証明します。多くのファンが彼女のより抜き（大部分は岩とポップスのカバー）で言い抜けるかもしれない間、彼女の声と彼女のintepretationsは何へのseocndでもありません」
2,「兄弟仕事の大ファンであるが、私はこのアルバムが厳粛なビージーズ・コレクターに対する侮辱であると感じます。ここのトラックは珍しくないか、新しくないか、利用できなくさえありません。バリー&ロビンがそこで戻って、もう一つの編集詐欺の代わりにファンの彼らの軍に楽しみを与える時間。ロビンの最新のredition「「ライブCD」」whoooooopie髪型、再び古い帽子の歌さえ.....私は、新しい材料に飢えていますオールディーズでない。そして、誤解しないでください、モーリスが死んだとき、それは私の心を悲しませました、私の世界は止まりました、そして、私はバリー、ロビンと残りの彼らの家族に同情します。私が始めから彼らの音楽が好きで、今後とも末永くそうし続ける年幾分30のためのファンであること....しかし、お願いします、何曲かの新曲が、兄弟から必要です。それで、バリーの上でロビンと集まりに来て、あなたにはまだある大きな書いている才能を我々に見せてください。献身的なリスナーお守り、ダンディ」
1,「ブラック・アイド・ピーズはグループがそうであるWORSTです。そして、HISTORYを叩いてください！その固い誰でも音楽をブラック・アイド・ピーズより悪くすることができたと思っていること。このグループは、これまでに作成されるラップ、ヒップホップ、R&Bと他のタイプのどんな音楽へのembarasmentでもあります。人々は、そして、ラップ界のこれらの不十分な、とても非優秀な不合格品を支えることが完全に信じられないとなぜどのように続けますか。私はthier最後のCDがゴミであると思いました、これがElephunk（それは呼ばれなければなりませんでした）によってセットされる低いマークを信じられないほど凌いだが、「「ねえ、外のlet'sellと試みは、これまでに人に知られている最悪の音楽を作成します」」。唯一の良いニュースは、彼らがちょうど今thierミュージカル経歴を台なしにして、theyllがすぐに忘れられて、生き残るためにcommmercialsのためにジングルをやる方向に向かわなければならないということです。これらの3人の独創的でない、才能がない、退屈な、腹立たしい、売り切れの、偽のなりたがりは、ANYを音楽で親切にするのを止めなければならなくて、音楽ビジネスを完全に切らしているようにならなければなりません。今夜、私は、音楽業界NEVERのこれらのbafoonsがもう一つの歌EVERを作るように非常に激しくwilllに祈ります!!!!彼らSUCKが賛辞であるだろうと言うために、彼らは、次1（THENがただ吸うのに十分な才能をかき集める悪魔と一緒の取引にする000年）のために、絶えず練習しなければなりません！Theyreは、ただそのHORRIBLEです!!」
1,「ジェイミー・フォックスは、平凡な俳優（1つの良いパフォーマンスが「「レイ」。」としてにある）として最も有名かもしれません。しかし、現在、彼は現在平凡な歌手/ライターとして知られて、最もそうすることができます。良い声をする間、彼はありきたりであるか、フックを持っていません。基本的に、物質がありません、しかし、彼は映画の後で「「レイ」。」に出資することができると考えます「そして、彼がよくできた歌を書くことができると言う人は誰にとってでも、歌を見ようとして、彼の素晴らしい詩的な歌詞を見ましょう：   あなたが眠るYoちょっとNaw Iうーん、私は我々がちょうど終えたということを知っているもう少し賛成が欲しいと思う、しかしそのきちんとした利益、私はただ援助をcaintしますでもそれそのあなたの体Nawについて何かすべて私はよく正直にしようとしていると考えるaint、ああ信じ始めていますIm、何かの間違った機知私、毎日原因、あらゆる夜、私が会議』『期間、私は、車で、教会と離れてそれを請おうとする時で上へ、仕事でいることができます。そして、それはそれを働かせません私がcaintすることをようでどこに私が行って（セックス）も、［コーラス：］（セックス）私の心（セックス）に関するすべての時間（セックス）の満足します、私はされるtrynaです。そして、あなたは愛S-E-X ohhheee（セックス）さえあなたを悩ますことができることがどんな薬よりも強いということを（セックス）知っています（セックス）、一晩中赤ちゃん（セックス）を作ることができます（セックス）、それは何でも愛S-E-Xさえ麻痺させるより強い完全な歌（セックス）ですああそれが要点に触れますどこで私（そこで私）私が新しいリリース（新しいリリースのための39.99）のためにDVD 39 99を買うとき、私がテレビでそれを見て私、それを誇りに思うaint、それが私に対する愛情については理解している目的と私caintはそれを助けます、caintはそれ（あのね）を振ります。そして、時々、私はそれが至る所で私の心（セックス）に関して私が行く（セックス）間ずっと、（セックス）、私［コーラス：］（セックス）と呼ぶのを聞きます。そして、私はされるtrynaです。そして、あなたは愛S-E-X ohhheee（セックス）さえあなたを悩ますことができることがどんな薬よりも強いということを（セックス）知っています（セックス）、一晩中赤ちゃん（セックス）を作ることができます（セックス）、それは何でも愛S-E-Xさえ麻痺させるより強い完全な歌（セックス）ですああ、何人かはそれを悪いと言います、何人かはいくつかがブルジョワをそれにすることをよいと言います、いくつかは私がそれにするフードをそれにします。そして、私がそれにするフード（私がとてももう一度言う缶）の女の子は覆います、おお少しそのようにゆっくり、それが重要でなくて速くそのように少し長いテンポそれが続いて、私がそれを最後にそれをする、最後の（私はもう一度それを言うことができます）女の子にしておお』である瞬間おきに、あらゆる時間、    -大当たり（ゴミの山積です）！そのような歌詞で、彼はグラミーを簡単に得なければなりません。それを維持してください、ジェイミ！
2,「3曲または4曲のよくできた歌が、このCDの上にあります。あなたが子供のためにあなた自身の編集を製作するためにそれを購入したいならば、彼らは彼らの数人を愛しています。他は、減速するWAYと子供が興奮しているようになるボーリングです。chilrenのCDのすべての感覚にするというわけではない彼らの一組が、あります。彼らが眠るか、そう彼らを元気づけるために子供を置くためにCDを製造するべきかどうか決めることができなかったように、彼らが1枚のCDの上で両方ともしたようです。それは、私の子供のために働きません。ジョン・リスゴウ「「浴槽のSingin」」は、よりよくうるさいMUCHです。歌は上向きで、活発です。私の子供は、常に、あれを求めます」
5,アントニーの音楽の全てのように、このEPには、それに恐ろしくて超人的な品質があります。彼の他のものと違って、生産は非アルバム・トラックで和らげられます（「「湖」」、そして、「「恐怖はなくなります」」）、全くの、顔が白い美しさにとって、私のためのそれはアントニー&ジョンソン家の中核を定めます。アルバム・トラック（「「愛の一握り」」）は、私の大好きなアントニー歌（希望を与えて救いのフェティッシュとしてマゾヒズムに対する説得力のあり議論する、ソウルフルでグルービング哀悼の歌）の1曲です。価格が少し法外であるけれども、これはどんなアントニー・ファンの図書館の大きな増築でもあります
4,「私はCLAY-MATE... howverでありません、クレイ・アイケンは疑いなくＡＩのどんな季節からでも最高の次点者です。それは言われます...私は、このCDをお願いするか、まだよくわかりませんでした。そして、私はそうしませんでした―最初は。だが、もう2、3の時それを聞いた後に、私は実は大部分の歌が好きになりました。彼ら全員（それがあまりよくできたアルバムであるが、それは私が彼に5つの星を与えなかった理由です）でない。私のお気に入りは、偶然タイトルトラックであるのです。しかし、もういくつかのよくできた歌が、CDの上にあります。音楽のこのスタイルにいるか否かを問わず、あなたはクレイ・アイケンがまわりの最高の男性の声の1つをしていることに異義を唱えることができません。おそらく、最も男性のものは、彼のものの年齢を声に出します。私は、アダルト・コンテンポラリーにある誰にも、このCDを推薦します。もちろん、あなたがクレイ-仲間であるならば、私はあなたに何も話す必要はありません：」
1,「郵政公社の大ファンであります（彼らの「「やめてください」」製造で簡単にあります私のトップ10のアルバムの上でカット）、ジミーTamberelloが郵政公社の2分の1で、私にはこのDntel記録のために高い予想がありました。BIG間違い。サンプルを聞いてください：あなたが聞くものが好きであるならば、それを買ってください;あなたが聞くものが好きでないならば、歌が与えられる30秒を越えて良くなると思うという私の誤りをしないでください。このCDの価値がある歌：死タクシーと郵政公社のベン・ギバードが歌って、1）」」（これはそうです）が、エヴァンの夢とチャンです」」（郵政公社は、混ぜ直しますiTunesで利用可能である、そして、CDにあることより良いバージョンある）。2）」最後の歌」」は何かあるとすればあります。そして、リラックスします。私はiTunesでこれらの2曲の歌を手に入れて、それぐらいにしておくことを勧めて、若干のお金を節約します。CDは、2曲の適切な歌にはあまりに高いです。ジミーTamberelloには彼が小立像と（より最近）ジェームズ小立像と呼ばれて働くもう一つのデジタル・プロジェクトがあります、それは基本的にDntel（郵政公社とより一致している）のより人を引き付ける、poppierバージョンです」
4,「これは、非常に異なる音のするポール・サイモン・アルバムです。ブライアン・イーノの影響は、明らかで、時々ど派手です。私がしばらくこのアルバムを持っていた今、私の結論はそれが私が絶えず聞いているものでないということです、しかし、私が気分が乗っているとき、これは本当に面白くて楽しいアルバムです。時折、ポールは、私が彼がGracelandから達したのを感じない高所に達します。何曲かのすばらしい歌が、ここにあります。あなたが「「これだけの年月が過ぎてまだおかしい」」または「「あなたの恋人のもとを去る50の方法」」のために見えているもしも－歌を入力してください、あなたは彼らをここで見つけることになりません。しかし、あなたがポールが封筒を押すのを聞くことに興味があるならば、これはものです。ポールは、彼がこれの上でそれを逃すよりしばしば、マークを打ちます」
1,「私は、常にどんなアーティストででも実験的な精神を賞賛しました。私が新しいものを絶えずためしているビジュアル・アーティストとして私の仕事と毎週たまに私がそれが耐える若干の新しい要素または概念につまずくこと「「来週の今日それを見て、あなたがどのように感じるか見ます」」テスト。他かける私は、私が世界を見ることから免れさせるジャンクの部分を濫造します。動物の集団は、音のこのしばしば愚かで無意味なコレクションを発売することを再考しなければなりませんでした。それは、失敗した芸術的な実験です。誰かがほんの少しでも芸術的なたわごとの部分を一貫して出していて、まだそれをやってのけていることが恥で、これがこの特定のディスク（私が聞いた唯一のAC）について真実であるだけであるといいのですが。」
2,「誰かが初心者の音楽レッスンへの扉を開閉する間、私は大部分は猫について叫んでいる幼稚園子供たちのアルバムを作曲することに決めました、そして、私はそれを芸術と呼びます。人々は音楽について多くのチェックを書きます、そして、彼らはそれが素晴らしい、そして、年齢の知恵を保持している間、それが青年のエキスを捕えると言います。それが悪臭であると言うのが怖いので、彼らはこうします。音楽は、耳に怪我をするためにsuppossedされません。このよくできた音楽を呼ぶことは、良い音楽家に対する侮辱です。    私は彼らに一部のディーラーから薬の大量を買うのに十分勇敢であることの称賛を与えます、なぜならば、明らかに、彼らは凧よりハイでした、いいえ、彼らがアルバムを作曲したとき、それを天気バロンにしてください。創造的な;多分。快く聞こえる、楽しい、騒音できる、会社が終わっているとき、行なえる;いいえ」
1,「私は、最大のアンドリュー・ロイド・ウェバー・ファンでないと言うことによってこれに始めさせるつもりです。ジョセフと彼のミュージカルの各々からのいろいろな歌のように、彼の作品のいくつかは素晴らしいです、それでも、全体として、彼は非常に偽の音のするポップ・オペラを大部分のショーに取り込もうとします。残念なことに、ホワイト（ゴシック体オペラに対する彼の最初の試み）の女性は、さらにより悪いです。ウェバーは明らかに、ミュージカルのための得点が不協和のコードとうるさい管弦楽編曲でそれをすし詰めにすることによる高級な、考えさせる作品であったと偽ろうとしました、しかし、彼らは彼が音楽をどれくらいほとんど本当に知らないかについて教えるだけです。ショーの得点の半分は、接続（彼がソンドハイムの才能を模倣しようとしたことをほとんどような）がないようであるランダムなメモも同然です。曲は穏やかです、本は退屈で混乱させます、そして、パフォーマンスの多くは標準以下です。たとえば、ホワイトで女性を演じているactreesは、単にCD全体を通して悲鳴をあげます。彼女が歌うときでも、彼女の鋭く叫びたてる騒音はその人の耳に怪我をします。まるで彼女が人格の発育不全を雑音でおおうことに決めるように、それは思われます。他の俳優は通常、増等シです、それでも、彼らはそれで仕事にそれほどほとんど描写を鈍いようにしてもらいません。明らかに、このCDへの若干のハイライトはそこにあります、例えばカウント・フォスコのクロフォードの驚くべき描写です（特にあなたの有効なバージョンは…を何によるアウェイへでもつれて行くことができます、それはHILARIOUSです！）、オーバーオール以外の、CDは取り入れるのが難しいです。何曲かの歌は全く美しいです、それでも、彼らが辞任するトラックは悲鳴をあげている、鈍い対話とうるさい音楽でもいっぱいです。私は、1曲の歌だけがいつ、ミュージカルの有効なバージョンCDの上で、観衆から生じる反動を伴うかは失敗の隠しおおせない徴候であると思います」
1,「男の子と私は、「「猫」」が悪いと思いました。これは、私の耳を汚すという不幸をこれまでに持っていた音楽ゴミの唯一退屈で、ばかで、無意味で、全くひどい部分です。筋書き、音楽の中の範囲、感覚、歌詞が、ひどい音楽を支えるためにありません。つまり、リストは永遠に続くことができました。私はあなたに警告します、それは、いいえ、あなたがそうするかもしれない25.00ドルの無駄がこれまでに費やす最も大きいものです。PLEASE、あなた自身の願いをきいて、私を信用してください。ドン」Tは、CDを買います!!!そして、するならば、それをつけたとき、あなたは正確に私が何について話しているか知っています。あなたは警告されました。すぐに、人生における目的が実際にある何かに、あなたの自分でかち得たお金を使ってください」
5,「あなたがこのアルバムが好きであるならば、あなたがタイトルトラックが好きであるならば、それは数人の無制限のファンをバンドと特にタイトルトラックの両方の名前の最初の発想の源がウェスタン（「「悪い会社」」 ― 1972）の傑作であるということを知っている気にさせるかもしれません。「「Fantasticks」」ハービー・シュミットによって、器械の全部のピアノは、映画のサウンドトラックからほとんど持ち上げられます。歌は、私が映画そのものを見るまで、私にとってのわずかな謎であった非常に心につきまとうものです。それは、バリー・ブラウンとジェフ・ブリッジスを主演させます。バンド自体のファンに以外、歌をより意味があるようにするのを助けることはあらゆるかなりの想像力の西のファンだけでなくのために価値があります。そして、そのことをそれは私のために持っています!!私は、彼ら両方を強く推薦します」
5,「客観性がよくなくて、エルトン・ジョンに関しては非常に客観的であると認めるので、私はオンライン・チェックをすることをためらいました。私は、彼がする（「「愛の犠牲者」」さえ！）すべてが好きです。しかし、私はもはや抵抗することができませんでした。このCDは素晴らしいです。エルトン・ジョンとバーニー・トーピンは、世代にわたって、ギャップを埋めて、長年にわたって個人で芸術的な過ちに対する敬意さえ払う作品を手で作りました。これらの2人の天才が約37年以上を横断したことは、地形の正直で、勇敢で、祝賀の反射です。それは、「「キャプテンと子供」。」の深さです「しかし、ここの深みでも道に迷うのはやめよう。このCDは、1つの大きな傾聴です。たとえあなたが歴史に興味を持っていないとしても、...たとえあなたがただのさりげないファン（人はちょっとさりげないエルトン・ジョン・ファンであることができますか??）であるとしても、または、よくできた音楽のように、「「キャプテンと子供」」はすばらしいエンターテイメントです。それはすべて...すばらしい構成（エルトンから鳴っている大きなピアノ）を持っています、そして、もちろん、フックは多いです。誰もない...その通り、誰もエルトンのようなかぎを書くことができません。あなたと一緒のこれらの歌滞在...彼らはYOUR旅行に関するあなたの仲間になります、そして、おいしいワインのように、彼らはよりよくてよりよくなります。私は、古い標準/ヒットの作り直しをしている非常に多くのアーティストに関して書いた全員に対する支持の語も書かなければなりません。私は知っています ― 私が知っている ― 明日がないように、このものは売れています。私は思います、私ももう一つのロッド・スチュアート作り直しCDを運ぶことができません（彼の経歴で最も多くであるけれども、私がロッドを愛していて...私は全く彼がこの5年の間したことに耐えられません...ロッド... STOPを喜ばせてください！）私は、これらのCDの引きつける力/訴えが買い手が彼らが信頼できるアーティストからよくできた（または少なくとも既知の）歌の完全なCDの真価を得そうであるということを知っているということであると思います。本当で、それは、今日最初から最後まで独創的でよい多くのCDを見つけることであったものであるほど簡単でありません...CDのものはLPより長くて、したがって息切れして危険を動く傾向があります、そして、それに向かいましょう、...多くはします。ああ、古典CDはそうです、彼らは向こうにいます、あなたは、しかし、金脈を掘り当てる前に若干の鉱業をしなければならないかもしれません。悲しいことに、「「キャプテンと子供」」はチャートに火をつけませんでした。私は、それを理解することができません。そして、私は、人気が大きいこととは無関係であると理解します。それでも、このISは、すばらしいCDで本当にあります、聞こえるに値する芸術作品。それは全盛期へのスローです、それでも、それは少しも日付を入れられません。そして、1人は聞きます...人が黄色のレンガ道にあなたを正に戻す通りであるもの、プラットフォームシューズなど！いいえ、私は、あなたが全くどのようにでも…前にさかのぼることができると思います、それがそうであるああとても素晴らしい、キャプテンと子供ともう一つの甘い乗り物に乗ってください。
1,ハンクIIIは、ただ彼が他のアーティストをこわすことによってなんとすすり泣く人であるだろうことを証明するだけでした。私は、ここの上の1曲の歌が少しの芸術的な能力もそんなに提案すると聞いていませんでした。この人は、彼の口をきれいにして、他をこわす代わりに、自分自身について心配する必要があります
2,「私に足を軽くたたかせるビートでより速い音楽が好きであるので、私は切られた「「あなたを知っていて運がよい」。」が好きなだけでした「「「あなたを透かして見ること」」も、問題ありません。おそらく、レノルズは「「あなたを知っていて運がよい」。」のようなより多くの歌で、彼自身のCDを独立して解除します" "
4,「人間的で失望させません！それは丈夫なfxと音響に溶け込んで、古典的な音質を持っています、そして、私が4starsを言うとき、本気です。5starsを言うとき、私は通常十を意味します。私は、これの一部を使う際に満足すると感じる未来的な遊びのために、音をすることになっていました。私は、菅野よう子がライフの秘密を知っている、そして、彼女が手法を共有すると思います...我々と、再三再四。私は、偶然彼女の初期の作品の上で甘やかされて、常にそれらのタイプ傑作を切望することが起こりました;しかし、アメリカのリズムまたは菅野よう子を選ばなければならないならば、私は菅野よう子を選ぶでしょう。彼女がこれまでにgrammyのために候補者に指名されたかどうかな？私の本では、彼女は国際的です！このcdがそうしないAs-I-said-beforeは人を失望させます、そして、十分なトラックが4-星を正当化するためにそれにあります。ここの心配でない」
5,これは、コモンからの私のお気に入りの解放の1つです。このカイ町戦士は、絶対的な腰ホップ頭に力強い微笑を持ってきて、偽の商業的なラップ・アーティスト・ファンの何人かの心さえ呼びさます地下リリースを手で作りました。以前のような歌はh.e.rが好きです、そして、ressurectionは古典アルバムを始めて、道にあなたを古典的なシカゴ腰ホップへ連れて行きます。歌詞だけは、薬でなく、しかし、また、ビートとフックです。これは、みんなのcollectioである必要がある重要なアルバムです
1,これは最も速く記録でなければなりません後戻りします、私はこれまでにわかりました。彼は、Meを取っておかれるUからすでに古くなった口汚いメロドラマ風の連続ホームドラマへ行きました。これは、彼が精神性について誠実でなかったことをすべて示します。すべての賞賛と称賛することは、ただ尿器として間違ったものを使うことに対してフリーパスを与えられる安心でした。私は、興味をそそられて、クローゼットに閉じ込められるもので楽しんだと認めます;しかし、継続はただますますおかしくなっています。結局あなたが第100章（彼がそれを言うのを聞く彼の計画であるような）に着くまで、分割払いを延長し続けることは受け入れがたいです
2,「私は、常にR.ケリーの音楽が好きでした。彼が「「クローゼットに閉じ込められます」」を生じたとき、私はそれが冗談であると思いました。これは、私が聞いた最もばかで、最もありきたりで、最も穏やかな歌の1曲です。」
2,「青少年は、彼の職歴に底とトップにいました。現金が90年代中後期にラップ・アリーナならびに主流ラジオに爆発するまで、彼は地下鉄でマリネになりました。だが、人々は、ラベルが提供しなければならなかった同じ古い製品を聞くことにあきたようになりました。labelmatesさえ停止していた互いと政治にうんざりしているようになっていました。そして、何人かに出発するか、彼らの名前を向こうに得る他の方法を見つけるのを任せました。  B. G.は独立したルートを行きました。そして、彼が熱い男の子であったとき、彼にはいたごくわずかなファンにすがりました。トルコ人は先例に従ったが、バーを吐く代わりに、刑務所にすぐにいました。青少年は自分自身単独のルートが行っているのを発見しました、しかし、彼は未成年大王のために2003年に短く帰りました。現在大西洋で、Juviはいくつかを彼の最新リリース現実チェックでするために追いつかせます。それが青少年が彼が進歩するために何をする必要があるか知っていることを示すので、「「あなたの騒ぎをはいてください」」ことはアルバムに始めさせる完全なトラックです。「「私は、あなたが知っているということを知っています」」、トレイと、Songzはラジオの良い競争相手です。「「方法のまわりで」」は彼が決して捨てられて、彼であるということを知っているフードのための歌です。そして、どちらへの計画もそうしません。「「セットは上がります」」変人で最初の一つの「「ロデオ」」がミレニアム・バージョンである彼のものがより抑制されたアプローチだけで「「それ［...］をバックアップします」」間、まあまあです。残念なことに、アルバムはそこから急落をとります。「「起こっていること」」は、取り立てて言うほどのことはない代物です、「「ゆるい略奪品」」は［...］-振れコミュニティを専門とするもう一つの歌です、そして、「「レンガを分解してください」」故意にもう一つの現金トラックからのビートを借ります。「「誰が、あなたですパパ」」は無意味です、悩ますこととともに「「話し続けてください」」ことスキップとレッドEyezzと「「いいんじゃない」。で「ロールパンBは、「「そのようなロック」。」の上で共同で働くことによって、もう一つの劣った決定をします「最大の扇情的な作品は、口のきけない経歴を動かせているブライアン・マクナイトと「「ふけっている」」。ブライアンは初めて低俗な歌詞を詠唱するだけでなくて（そして、期待を持って彼の最後）、青少年は、彼ら（彼が「「雨」。」の終わりに外へひなをののしっていたとき、オラン・ジュース・ジョーンズを考えます）を叩く代わりに、彼の詩句を語ることに決める    多くの他のひどい歌が、私が言及しさえするつもりでさえない現実チェックに関してあります。これは、青少年がこれまでに最近の記憶でまとめた最悪のディスクでなければなりません。あちこちの時折のトラックで、それさえ許容できます、現実チェックはあなたがアルバムを買わないならばあなたが彼の最大のファンで、あなた自身と一緒に暮らすことができる限り、あなたが警官に望む何かでありません。1つのものは確かです...青少年は、合法的な現実が彼が今後とも末永くラップ・ゲームにとどまりたいかどうか調べるとよりよく考えます。
2,「2いいトラックがこの椎間板にあります、しかし、これは遠いです、そして、離れて、同じことはここ数年の私のお気に入りの音楽の一部を出すトレーラーを失いませんでした。サザンロックのよく巧みに作られた、物語のような歌詞とどんな響きでも、なくなります。それらのすばらしい記事（Longfall、ポンチャートレイン、愛&戦争、ウェストエンド、ダウアティー郡（FM波とSOより多くの下の））とすばらしい音楽（赤い太陽と同様に上記参照。そして、谷にトップ・オブ・ザ・ワールドとダウンに位置します）は肉汁と取り替えられました、ディクシー男の子スペシャル&私はあなたが誰からでも聞くことができる国出身者と同じ古いラジオ友好国音です。これの嘆かわしい皮肉は、FM波（ニュー・エイジのカウボーイから）と彼らがどれくらいのすばらしい音楽がラジオから住むかについて話す ― そして、起こったことを見る ― 方法の下の歌詞です：ラジオ（それは同意して、彼らを大きくしなければなりません）でなんとかするためにつくられるものへの歌。利用できる3cdがそうである（ニュー・エイジのカウボーイ、トレーラー・ゴミ箱とウッズへのウェルカムの物語）彼らの他をためしてください。彼らは音楽を向こうに見つけるのが非常に難しい若干の他を持っています、しかし、これらの3個は使えなければなりません（トレーラー・ゴミ箱は、ロック・バンドからの歌、ウェルカムの上で終わった歌、その他の混合です）。  P. 最後のチェックへのS.－ライダー・リーは、リード・ヴォーカリストです。ジェフリー・ストークス・ニールソンは、ギタリストとリード・ソングライターです。
1,「BEは、宣伝に従って生活しません？その社説を書いた人は誰でも、罰される必要があります。法廷道化師は、生きるに値しません。するだけでありません、BEは宣伝できるように生きます;BEは、宣伝です。クインシーとマイケル（初期の年）で追憶にふけるコモンとカニエ。マイケルは、いつまだ黒人で、男性でしたか。簡単に言えば、BEは流れます。BEが少しはよりきついならば、我々はそれの余裕がありませんでした。スキップするか、戻る必要でない。あなたを作るただenuff歌は、再びそれを聞きます。すばらしい芸術作品。コモンとカニエ－畜生!!!!
1,「私は、彼女の新しいアルバムから曲で「「良いことはよいです」」というシェリル・クロウの歌がグラミー賞のために候補に挙げられることを最近読みました。まじめな話、それはもしかして、それに追いつく時間とどれくらい努力をすることができましたか。それがリリースされたとき、また、TNMCはグラミーを獲得しました。私はまだ、なぜか理解することができません、しかし、私には理論があります。簡単に言えば、音楽業界は音楽の才能と完全性よりイメージに興味を持っています。せいぜい平凡な才能の間だけ、シェリル・クロウは神格化されます。私は、これが（そして、私にはそれを述べる権利があります）この種の音楽が私に吐き気を催させるという私の意見だけであると理解します。それほどの音楽が、調査されて、有り難いために、世界中にあります。この種の音楽のくそであなたを攻撃して、襲うために、音楽業界で何人かにそうさせないでください。私には、解釈があります：すべての記録製作者と上記の「「犯罪」」に対して責任がある工業人員全員は、本当の才能を認めて、若干の「「魂」。」を得るには長くいったいどのように彼らが必要かのために、刑期を宣告されなければなりません「平和」
1,「そして、民俗音楽復興運動は、それがそうであることです、皆さん;私が5つ以上のジャンルを知っているのでたとえ人民主義者が私に怒るとしても、私はそれに標識化します。Meloyは、インタビューの後フェアポート・コンベンション、五角形と上記の全くShirelyなコリンズのために彼の趣味をインタビューに入れます。彼は、英国のtraditionals（私が1について耳にするならばばかげた概念）のシャーリー・コリンズの準備の「「カバー」」のアルバムさえやりました。なぜTRADITIONAL歌のもう一人の歌手のバージョンをカバーしますか？このばかばかしさは英国のフォーク・ミュージックの再解釈の長い伝統からのMeloyの孤立を表さなければなりません、そして、本当に、大部分の彼の全作品はバラード構成の弱い試みから成ります。韻律法にかなった技術なしで、彼は、シャーリー・コリンズのレパートリーのような仕事にならって作られる物語を造ることに取り組みます。明らかに、Meloyはまるで彼がウォルター・スコット、エステーC.またはジョン・キーツであるように、彼がバラードを書くことができると思っています、しかし、彼の弱い話は必死に妖精の国の土地に脱出を打とうとしているアメリカ人の想像的な不足を通して見えます。Meloyの仕事の物欲しそうなこととロマンチックなノスタルジアは、同じくらいありふれてNPRヤッピーに適したようになります。さらに、彼の声の範囲は完全に叫び声、憂鬱なさえずりと鼻うなりから成ります－このwhingeingしている吟遊詩人は彼が風邪を絶えずひいているようです。私は、バンドが少なくとも有能であると認めるが、あなた自身の願いをききます：その代わりにコーモスの「「1回目の発言」」に驚くべき糸バンドの「「ハングマンの美しい娘」」またはシャーリー・コリンズの「「バラでない」」を買ってください」
5,「このアルバムは、コリン・レイの驚くべきテノールを十分に公開します。ヒットは「「私を愛してください」」「「リトルロック」」「「女の子の私の種類」」「「そんなに異ならない」」に合います、そして、「「私は、まだあなたを感じることができます」」ことはフィーチャーされる行われてこんなに素晴らしいアルバムです。レイのボーカルは、歌選択のように、ウェルダンです。大部分の歌は、バラード（レイの専門）です。あなたがコリン・レイのファンであるならば、このアルバムは必需品です。」
1,「すみませんが、ラップしようとする子供たちは、ちょうど恐ろしいです。彼らは、古い学校rのようなただの仕掛けとちっちゃい事情通といいなるbアーティストです。私は、この小さい人が「「ヒップなホップちっちゃい事情通」」でありたいと思います。さて、何を推測しますか？あなたはちっちゃい事情通レビューを得ません、あなたはもののものの上で大きくなります。通常の子供がそうしなければならないように、ラップするのを止めて、大学へ行ってください（または整備士としての仕事）」
5,「ディランとバンドがこの記録（地階テープと1967年のツアー）の前にたいへん一緒にプレーしたけれども、これは一緒に彼らの、それがリリースされたということを記録している最初です、そして、私はこの記録に関するバンドの演奏が同様に非常にそれらの時代とは異なって、生きている「「洪水の前に」」とは異なると言わなければなりません。私は、ほとんど着きます失います、ここの彼らからのお茶目な感覚（ガースの優れたキーボードとロビーの衝撃的なギター仕事によって動く）。歌、葬送歌、希望を与える歌、タフな歌とトーチソングを愛してください、これは年齢の間の記録です。はい、それは「「トラックの上の血」」によっておおわれました、しかし、今は年でした、そして、静かな「「惑星波」」は時の試練に耐えます。私は、この記録が本当に好きです」
1,「信じがたいかもしれないが、それが全く良い種類の音楽のために私にとって好都合でないので、私は実はこれを嫌うと思っていました。それは、私がそれが鳴ると思ったまさにその方法を鳴らします：くだらない。あなたが私に聞くならば、それはそんなによいのに十分難しくありません。それは、ちょうどあまりに穏やかです。｛そして、現在、あなたは私がエンヤが好きであるので、私が偽善者であると多分思うでしょう｝。少なくともエンヤは、彼らが悪い音楽を録音しようとしているガレージ・バンドの中にいるようである誰かのようでありません。私のスタイルでない。」
1,「すみません、私はこれが古典SHR音楽のすばらしい更新されたバージョンであるだろうと思いました－そして、私は本当に失望しました。私はこのアルバムの点を本当に理解しません－時間に限定されなかった音楽とかなり多くが第一に仕上げる何故「「再制作」」？私は、実は何もこれらの再制作（そして、肝心な点、それは点でありませんでしたか？）から学んでいる私自身の子供を想像することができません...そして、「「どんな王もない」」を聞くことは ― SHRが常に正反対効果を持っていたとき ― まったく憂鬱でした！」
1,「今は、私は多くの人々がこれが古典である、そして、それが古今の最も創造的なCDであるかもしれないと言うのを聞きました、私はわずかにいつ取ります聞きます、私はただ笑います。ミッシー・エリオットにはある才能の100万倍があって、ますます創造的である多くのより良いラッパーが、います。正直に言って、そして、歌詞はひどいです、一対のビートだけはＯＫです、しかし、ミッシー・エリオットの腹立たしい声を聞いた後に、そして私がこれを買ったということであったように、あなたは非常にイライラします」
1,「考えられた挑発的で創造的なアルバムがタイトルをつけるもの。どれくらいその名前に追いつくには彼女が必要かな？私は傾きます。そして、流行のゴミ人々がこれらの日を聞くと思っていてください。すべての歌は同じことを鳴らして、彼らに同じ無意味な歌詞を持っています。彼女は生産物を傾けます、ラップは高価な物の多くを書くか、します。私は塔記録でこのゴミを見ました、そして、それはちょうどちりを集めていました。あなたのお金を節約してください、そして、dontは再びこれまでに彼女の役に立たないジャンクのどれでも買います。一部の本当のアーティストが黒い安息、裏切り者聖職者または鉄の処女が好きであるのを聞いてください。ドントは、私のチェックを支持して投票をするのを忘れます」
5,「あなたがイギーの経歴のただの一般的な概要を探しているならば、私はこれが行くかなり良い方法であると言うでしょう。それは、彼の経歴の各々の部分から、わずかな音楽を含みます」
5,「この映画サウンドトラックは最高です！That`sは、いずれにしろ私の意見です;映画（国宝 ― 出演：ニコラス・ケイジ）、それが出て以来ずっと、私のトップの1着は、お気に入りでした。あなたがこれに興味を持っているならば、私は同様に「「タイタニック」」サウンドトラックも推薦します。そして、あなたにはこのCDを買うべきかどうかに関して疑いがあるならば、クリップを聞いてみてください。私の個人のお気に入りは以下の通りです：「「国宝スイート」」（トラック1）。トラック：「「米国議会図書館」」（トラック4）と「「独立宣言」」（トラック2）は、素晴らしいより遅いものです。トラック：「「光景発見」」（トラック10）は、私のお気に入りの別のものでもあります。このCDのトラックのいくつかは少し反復的でありえます、しかし、全般的に見て、私はこのCDがお金の価値があると思います」
5,このCDは、必要なものです、あなたが熱いボイズ（古い学校現金）ファンであるかどうか持っている
2,。..don'tは、このCDを買います。これの大部分はemoです、そして、それのなかなかのビットは蛇行していて、特に人を引き付けません。2、3の良いバンドがこのCDの上にあります－十分に、多分1～2回それを聞いているだろうメリットにとって、しかし、あなたが実際のパンクのファンであるならば、それはあなたの時間の価値がありません。それは音楽の面白い混合を持っています、しかし、それはあまりよく一緒に合いません。この編集への上側は、以下の通りです：もの（ドロップキックMurphys歌）と二つ、それは安価です。しかし、ただこのCDを買うことを忘れることは、さらにより安いです」
